success,total_return,path_length,collision,repeated_failure_rate,optimality_gap,inference_time_per_action,Algorithm,Map,Seed
0,-1.02,3,1,0.0,,3.847293555736542e-06,Random Policy,easy,0
0,-1.01,2,1,0.0,,1.3541430234909058e-06,Random Policy,easy,0
0,-1.06,7,1,0.0,,8.21426510810852e-07,Random Policy,easy,0
0,-1.01,2,1,0.0,,1.125037670135498e-06,Random Policy,easy,0
0,-1.0,1,1,0.0,,1.2498348951339722e-06,Random Policy,easy,0
0,-1.0,1,1,0.0,,1.125037670135498e-06,Random Policy,easy,0
0,-1.01,2,1,0.0,,9.584473446011543e-07,Random Policy,easy,0
0,-1.02,3,1,0.0,,9.443610906600952e-07,Random Policy,easy,0
0,-1.0,1,1,0.0,,1.084059476852417e-06,Random Policy,easy,0
0,-1.09,10,1,0.0,,7.250811904668808e-07,Random Policy,easy,0
1,0.96,5,0,0.0,0.0,6.083864718675613e-07,Value Iteration,easy,0
1,0.96,5,0,0.0,0.0,1.332256942987442e-07,Value Iteration,easy,0
1,0.96,5,0,0.0,0.0,1.169741153717041e-07,Value Iteration,easy,0
1,0.96,5,0,0.0,0.0,9.164214134216309e-08,Value Iteration,easy,0
1,0.96,5,0,0.0,0.0,1.000240445137024e-07,Value Iteration,easy,0
1,0.96,5,0,0.0,0.0,1.25030055642128e-07,Value Iteration,easy,0
1,0.96,5,0,0.0,0.0,1.502223312854767e-07,Value Iteration,easy,0
1,0.96,5,0,0.0,0.0,9.17818397283554e-08,Value Iteration,easy,0
1,0.96,5,0,0.0,0.0,1.1660158634185791e-07,Value Iteration,easy,0
1,0.96,5,0,0.0,0.0,1.0817311704158783e-07,Value Iteration,easy,0
1,0.96,5,0,0.0,0.0,6.336253136396408e-07,Policy Iteration,easy,0
1,0.96,5,0,0.0,0.0,1.0835938155651092e-07,Policy Iteration,easy,0
1,0.96,5,0,0.0,0.0,9.182840585708618e-08,Policy Iteration,easy,0
1,0.96,5,0,0.0,0.0,9.98377799987793e-08,Policy Iteration,easy,0
1,0.96,5,0,0.0,0.0,9.98377799987793e-08,Policy Iteration,easy,0
1,0.96,5,0,0.0,0.0,9.17818397283554e-08,Policy Iteration,easy,0
1,0.96,5,0,0.0,0.0,2.000480890274048e-07,Policy Iteration,easy,0
1,0.96,5,0,0.0,0.0,1.3350509107112884e-07,Policy Iteration,easy,0
1,0.96,5,0,0.0,0.0,1.0021030902862548e-07,Policy Iteration,easy,0
1,0.96,5,0,0.0,0.0,8.33999365568161e-08,Policy Iteration,easy,0
1,0.94,7,0,0.0,2.0,1.5652538942439215e-06,Q-learning,easy,0
1,0.94,7,0,0.0,2.0,7.618218660354614e-07,Q-learning,easy,0
1,0.94,7,0,0.0,2.0,7.915909269026347e-07,Q-learning,easy,0
1,0.94,7,0,0.0,2.0,7.67875462770462e-07,Q-learning,easy,0
1,0.94,7,0,0.0,2.0,7.8580342233181e-07,Q-learning,easy,0
1,0.94,7,0,0.0,2.0,6.904093814747674e-07,Q-learning,easy,0
1,0.94,7,0,0.0,2.0,7.737294903823308e-07,Q-learning,easy,0
1,0.94,7,0,0.0,2.0,7.920233266694205e-07,Q-learning,easy,0
1,0.94,7,0,0.0,2.0,7.738957979849406e-07,Q-learning,easy,0
1,0.94,7,0,0.0,2.0,6.903761199542455e-07,Q-learning,easy,0
0,-0.9900000000000002,50,0,0.0,,0.000499031562358141,MCTS,easy,0
0,-0.9900000000000002,50,0,0.0,,0.0004832684295251966,MCTS,easy,0
1,0.82,19,0,0.0,14.0,0.0004114691829799037,MCTS,easy,0
1,0.96,5,0,0.0,0.0,0.00041036666370928285,MCTS,easy,0
1,0.84,17,0,0.0,12.0,0.00046126221251838347,MCTS,easy,0
1,0.5999999999999999,41,0,0.0,36.0,0.000473732736370549,MCTS,easy,0
1,0.74,27,0,0.0,22.0,0.0004591065700407381,MCTS,easy,0
1,0.74,27,0,0.0,22.0,0.0005142098654889398,MCTS,easy,0
1,0.92,9,0,0.0,4.0,0.00038809267183144885,MCTS,easy,0
1,0.72,29,0,0.0,24.0,0.002157432332249551,MCTS,easy,0
1,0.92,9,0,0.0,4.0,0.002283028042357829,Standard Diffusion,easy,0
1,0.96,5,0,0.0,0.0,0.001811291789636016,Standard Diffusion,easy,0
1,0.94,7,0,0.0,2.0,0.0018656428105064801,Standard Diffusion,easy,0
1,0.96,5,0,0.0,0.0,0.0018498083576560021,Standard Diffusion,easy,0
1,0.96,5,0,0.0,0.0,0.0018030418083071708,Standard Diffusion,easy,0
1,0.94,7,0,0.0,2.0,0.0018491071449326618,Standard Diffusion,easy,0
1,0.96,5,0,0.0,0.0,0.0018176998011767865,Standard Diffusion,easy,0
1,0.88,13,0,0.0,8.0,0.001831951980980543,Standard Diffusion,easy,0
1,0.96,5,0,0.0,0.0,0.001833524787798524,Standard Diffusion,easy,0
1,0.94,7,0,0.0,2.0,0.0018116665804492576,Standard Diffusion,easy,0
1,0.92,9,0,0.0,4.0,0.002184939777685536,Failure-Memory Diffusion,easy,0
1,0.96,5,0,0.0,0.0,0.001981583144515753,Failure-Memory Diffusion,easy,0
1,0.94,7,0,0.0,2.0,0.002008833257215364,Failure-Memory Diffusion,easy,0
1,0.96,5,0,0.0,0.0,0.0019769836217164993,Failure-Memory Diffusion,easy,0
1,0.96,5,0,0.0,0.0,0.0019745836034417152,Failure-Memory Diffusion,easy,0
1,0.94,7,0,0.0,2.0,0.0019930358976125717,Failure-Memory Diffusion,easy,0
1,0.96,5,0,0.0,0.0,0.00200599180534482,Failure-Memory Diffusion,easy,0
1,0.88,13,0,0.0,8.0,0.0020033077587588476,Failure-Memory Diffusion,easy,0
1,0.96,5,0,0.0,0.0,0.002020225068554282,Failure-Memory Diffusion,easy,0
1,0.94,7,0,0.0,2.0,0.0021508749507899794,Failure-Memory Diffusion,easy,0
0,-1.02,3,1,0.0,,2.3610579470793405e-06,Random Policy,obstacle,0
0,-1.01,2,1,0.0,,1.187552697956562e-06,Random Policy,obstacle,0
0,-1.01,2,1,0.0,,1.0414514690637589e-06,Random Policy,obstacle,0
0,-1.01,2,1,0.0,,1.0210787877440453e-06,Random Policy,obstacle,0
0,-1.0,1,1,0.0,,1.166015863418579e-06,Random Policy,obstacle,0
0,-1.0,1,1,0.0,,1.2919772416353226e-06,Random Policy,obstacle,0
0,-1.01,2,1,0.0,,1.0830117389559746e-06,Random Policy,obstacle,0
0,-1.02,3,1,0.0,,9.584085394938786e-07,Random Policy,obstacle,0
0,-1.0,1,1,0.0,,1.166015863418579e-06,Random Policy,obstacle,0
0,-1.01,2,1,0.0,,9.165378287434578e-07,Random Policy,obstacle,0
1,0.92,9,0,0.0,0.0,1.8960175414880118e-07,Value Iteration,obstacle,0
1,0.92,9,0,0.0,0.0,1.158203101820416e-07,Value Iteration,obstacle,0
1,0.92,9,0,0.0,0.0,1.4833899007903204e-07,Value Iteration,obstacle,0
1,0.92,9,0,0.0,0.0,1.3426567117373148e-07,Value Iteration,obstacle,0
1,0.92,9,0,0.0,0.0,1.0203156206342909e-07,Value Iteration,obstacle,0
1,0.92,9,0,0.0,0.0,1.2474548485543994e-07,Value Iteration,obstacle,0
1,0.92,9,0,0.0,0.0,1.342139310306973e-07,Value Iteration,obstacle,0
1,0.92,9,0,0.0,0.0,9.26924662457572e-08,Value Iteration,obstacle,0
1,0.92,9,0,0.0,0.0,1.1106021702289581e-07,Value Iteration,obstacle,0
1,0.92,9,0,0.0,0.0,1.019798219203949e-07,Value Iteration,obstacle,0
1,0.92,9,0,0.0,0.0,2.9168505635526446e-07,Policy Iteration,obstacle,0
1,0.92,9,0,0.0,0.0,1.4355302684836917e-07,Policy Iteration,obstacle,0
1,0.92,9,0,0.0,0.0,1.1100847687986162e-07,Policy Iteration,obstacle,0
1,0.92,9,0,0.0,0.0,1.203475726975335e-07,Policy Iteration,obstacle,0
1,0.92,9,0,0.0,0.0,1.20476923055119e-07,Policy Iteration,obstacle,0
1,0.92,9,0,0.0,0.0,1.2024409241146512e-07,Policy Iteration,obstacle,0
1,0.92,9,0,0.0,0.0,1.0179873141977522e-07,Policy Iteration,obstacle,0
1,0.92,9,0,0.0,0.0,1.1111195716593001e-07,Policy Iteration,obstacle,0
1,0.92,9,0,0.0,0.0,9.256311588817172e-08,Policy Iteration,obstacle,0
1,0.92,9,0,0.0,0.0,1.0190221170584361e-07,Policy Iteration,obstacle,0
1,0.92,9,0,0.0,0.0,1.3007730659511353e-06,Q-learning,obstacle,0
1,0.92,9,0,0.0,0.0,8.195897357331382e-07,Q-learning,obstacle,0
1,0.92,9,0,0.0,0.0,7.822592225339678e-07,Q-learning,obstacle,0
1,0.92,9,0,0.0,0.0,7.821816123194164e-07,Q-learning,obstacle,0
1,0.92,9,0,0.0,0.0,7.592348588837517e-07,Q-learning,obstacle,0
1,0.92,9,0,0.0,0.0,8.473483224709829e-07,Q-learning,obstacle,0
1,0.92,9,0,0.0,0.0,8.380350967248281e-07,Q-learning,obstacle,0
1,0.92,9,0,0.0,0.0,7.641501724720001e-07,Q-learning,obstacle,0
1,0.92,9,0,0.0,0.0,9.030207163757748e-07,Q-learning,obstacle,0
1,0.92,9,0,0.0,0.0,8.378540062242084e-07,Q-learning,obstacle,0
1,0.88,13,0,0.0,4.0,0.0009598846260744792,MCTS,obstacle,0
1,0.9,11,0,0.0,2.0,0.000978874931619926,MCTS,obstacle,0
1,0.7,31,0,0.0,22.0,0.0010809784815196068,MCTS,obstacle,0
1,0.88,13,0,0.0,4.0,0.0008775291140549458,MCTS,obstacle,0
1,0.9,11,0,0.0,2.0,0.0008611477361145345,MCTS,obstacle,0
1,0.6399999999999999,37,0,0.0,28.0,0.0010383829247911235,MCTS,obstacle,0
1,0.84,17,0,0.0,8.0,0.0008949926259982236,MCTS,obstacle,0
1,0.7799999999999999,23,0,0.0,14.0,0.00100153429514688,MCTS,obstacle,0
1,0.86,15,0,0.0,6.0,0.0008307167794555425,MCTS,obstacle,0
1,0.9,11,0,0.0,2.0,0.0008258938958699053,MCTS,obstacle,0
0,-1.02,3,1,0.0,,0.001827653031796217,Standard Diffusion,obstacle,0
0,-1.02,3,1,0.0,,0.0018944165979822476,Standard Diffusion,obstacle,0
0,-1.02,3,1,0.0,,0.001784819100673,Standard Diffusion,obstacle,0
0,-1.02,3,1,0.0,,0.0017452220587680738,Standard Diffusion,obstacle,0
0,-1.02,3,1,0.0,,0.0017966247008492549,Standard Diffusion,obstacle,0
0,-1.02,3,1,0.0,,0.0017511389063050349,Standard Diffusion,obstacle,0
0,-1.02,3,1,0.0,,0.0017339866608381271,Standard Diffusion,obstacle,0
0,-1.04,5,1,0.0,,0.0017858666367828846,Standard Diffusion,obstacle,0
0,-1.04,5,1,0.0,,0.0017416583839803934,Standard Diffusion,obstacle,0
0,-1.04,5,1,0.0,,0.0017797667533159256,Standard Diffusion,obstacle,0
0,-1.02,3,1,0.0,,0.0019201942874739568,Failure-Memory Diffusion,obstacle,0
0,-1.03,4,1,0.6,,0.002083020459394902,Failure-Memory Diffusion,obstacle,0
0,-1.01,2,1,0.3333333333333333,,0.0019986456027254462,Failure-Memory Diffusion,obstacle,0
0,-1.01,2,1,1.0,,0.0019872914999723434,Failure-Memory Diffusion,obstacle,0
1,0.92,9,0,0.4,0.0,0.0020083981928312117,Failure-Memory Diffusion,obstacle,0
1,0.92,9,0,0.4,0.0,0.0019947776777876746,Failure-Memory Diffusion,obstacle,0
1,0.88,13,0,0.2857142857142857,4.0,0.0020138461930820574,Failure-Memory Diffusion,obstacle,0
1,0.92,9,0,0.4,0.0,0.0019860463993002972,Failure-Memory Diffusion,obstacle,0
1,0.92,9,0,0.4,0.0,0.0019878981531494195,Failure-Memory Diffusion,obstacle,0
1,0.92,9,0,0.4,0.0,0.00199123156360454,Failure-Memory Diffusion,obstacle,0
0,-1.02,3,1,0.0,,1.4306666950384777e-06,Random Policy,deceptive,0
0,-1.01,2,1,0.0,,1.1459924280643463e-06,Random Policy,deceptive,0
0,-1.01,2,1,0.0,,9.370269253849983e-07,Random Policy,deceptive,0
0,-1.01,2,1,0.0,,1.0204967111349106e-06,Random Policy,deceptive,0
0,-1.0,1,1,0.0,,1.0838266462087631e-06,Random Policy,deceptive,0
0,-1.0,1,1,0.0,,1.1248048394918442e-06,Random Policy,deceptive,0
0,-1.01,2,1,0.0,,9.585637599229813e-07,Random Policy,deceptive,0
0,-1.02,3,1,0.0,,8.750551690657934e-07,Random Policy,deceptive,0
0,-1.0,1,1,0.0,,1.084059476852417e-06,Random Policy,deceptive,0
0,-1.01,2,1,0.0,,9.373761713504791e-07,Random Policy,deceptive,0
1,0.88,13,0,0.0,0.0,1.8257504472365747e-07,Value Iteration,deceptive,0
1,0.88,13,0,0.0,0.0,1.2497632549359247e-07,Value Iteration,deceptive,0
1,0.88,13,0,0.0,0.0,1.4093417960863846e-07,Value Iteration,deceptive,0
1,0.88,13,0,0.0,0.0,1.281643143066993e-07,Value Iteration,deceptive,0
1,0.88,13,0,0.0,0.0,1.2184206682902115e-07,Value Iteration,deceptive,0
1,0.88,13,0,0.0,0.0,1.0579466246641599e-07,Value Iteration,deceptive,0
1,0.88,13,0,0.0,0.0,1.250837857906635e-07,Value Iteration,deceptive,0
1,0.88,13,0,0.0,0.0,9.934704464215498e-08,Value Iteration,deceptive,0
1,0.88,13,0,0.0,0.0,9.932913459264316e-08,Value Iteration,deceptive,0
1,0.88,13,0,0.0,0.0,9.606950558148898e-08,Value Iteration,deceptive,0
1,0.88,13,0,0.0,0.0,1.60330763229957e-07,Policy Iteration,deceptive,0
1,0.88,13,0,0.0,0.0,1.1537653895524832e-07,Policy Iteration,deceptive,0
1,0.88,13,0,0.0,0.0,1.1543026910378383e-07,Policy Iteration,deceptive,0
1,0.88,13,0,0.0,0.0,1.154660892028075e-07,Policy Iteration,deceptive,0
1,0.88,13,0,0.0,0.0,1.2828968465328217e-07,Policy Iteration,deceptive,0
1,0.88,13,0,0.0,0.0,1.0570511221885681e-07,Policy Iteration,deceptive,0
1,0.88,13,0,0.0,0.0,9.630233622514285e-08,Policy Iteration,deceptive,0
1,0.88,13,0,0.0,0.0,1.0592003281299884e-07,Policy Iteration,deceptive,0
1,0.88,13,0,0.0,0.0,9.9454504939226e-08,Policy Iteration,deceptive,0
1,0.88,13,0,0.0,0.0,1.0568720216934497e-07,Policy Iteration,deceptive,0
0,-0.9900000000000002,50,0,0.0,,7.083266973495483e-07,Q-learning,deceptive,0
0,-0.9900000000000002,50,0,0.0,,6.557861343026161e-07,Q-learning,deceptive,0
0,-0.9900000000000002,50,0,0.0,,6.516417488455773e-07,Q-learning,deceptive,0
0,-0.9900000000000002,50,0,0.0,,6.400467827916145e-07,Q-learning,deceptive,0
0,-0.9900000000000002,50,0,0.0,,6.357906386256218e-07,Q-learning,deceptive,0
0,-0.9900000000000002,50,0,0.0,,6.374577060341835e-07,Q-learning,deceptive,0
0,-0.9900000000000002,50,0,0.0,,6.540305912494659e-07,Q-learning,deceptive,0
0,-0.9900000000000002,50,0,0.0,,6.324192509055137e-07,Q-learning,deceptive,0
0,-0.9900000000000002,50,0,0.0,,6.516417488455773e-07,Q-learning,deceptive,0
0,-0.9900000000000002,50,0,0.0,,6.375275552272796e-07,Q-learning,deceptive,0
1,0.7799999999999999,23,0,0.0,10.0,0.0006855958060401937,MCTS,deceptive,0
1,0.72,29,0,0.0,16.0,0.0008976451875963088,MCTS,deceptive,0
1,0.7,31,0,0.0,18.0,0.0009993144926885443,MCTS,deceptive,0
1,0.7999999999999999,21,0,0.0,8.0,0.0008317598008683749,MCTS,deceptive,0
0,-0.9900000000000002,50,0,0.0,,0.0011397316306829453,MCTS,deceptive,0
1,0.7999999999999999,21,0,0.0,8.0,0.0009534602009114765,MCTS,deceptive,0
1,0.82,19,0,0.0,6.0,0.0007728201974379388,MCTS,deceptive,0
1,0.6399999999999999,37,0,0.0,24.0,0.0008040799482448681,MCTS,deceptive,0
1,0.7599999999999999,25,0,0.0,12.0,0.0007234149239957332,MCTS,deceptive,0
1,0.72,29,0,0.0,16.0,0.0009094095821010655,MCTS,deceptive,0
0,-1.03,4,1,0.0,,0.0019034167635254562,Standard Diffusion,deceptive,0
0,-1.03,4,1,0.0,,0.0017702914774417877,Standard Diffusion,deceptive,0
0,-1.03,4,1,0.0,,0.0017580412095412612,Standard Diffusion,deceptive,0
0,-1.03,4,1,0.0,,0.0017282080370932817,Standard Diffusion,deceptive,0
0,-1.03,4,1,0.0,,0.001739270577672869,Standard Diffusion,deceptive,0
0,-1.03,4,1,0.0,,0.0017672292306087911,Standard Diffusion,deceptive,0
0,-1.03,4,1,0.0,,0.001729947456624359,Standard Diffusion,deceptive,0
0,-1.03,4,1,0.0,,0.0017746980302035809,Standard Diffusion,deceptive,0
0,-1.03,4,1,0.0,,0.0017353437142446637,Standard Diffusion,deceptive,0
0,-1.03,4,1,0.0,,0.0017795002786442637,Standard Diffusion,deceptive,0
0,-1.03,4,1,0.0,,0.0019280833075754344,Failure-Memory Diffusion,deceptive,0
0,-1.04,5,1,0.6666666666666666,,0.002036800002679229,Failure-Memory Diffusion,deceptive,0
0,-1.01,2,1,0.3333333333333333,,0.0019694585353136063,Failure-Memory Diffusion,deceptive,0
0,-1.02,3,1,1.0,,0.001969221979379654,Failure-Memory Diffusion,deceptive,0
0,-1.05,6,1,0.7142857142857143,,0.002008659765124321,Failure-Memory Diffusion,deceptive,0
0,-1.08,9,1,0.3,,0.0019869122188538313,Failure-Memory Diffusion,deceptive,0
0,-1.19,20,1,1.0,,0.002005175035446882,Failure-Memory Diffusion,deceptive,0
0,-1.02,3,1,1.0,,0.0019645280359933772,Failure-Memory Diffusion,deceptive,0
0,-1.02,3,1,1.0,,0.0019774859926352897,Failure-Memory Diffusion,deceptive,0
0,-1.09,10,1,1.0,,0.0020031000021845102,Failure-Memory Diffusion,deceptive,0
0,-1.0,1,1,0.0,,1.708976924419403e-06,Random Policy,random_small,0
0,-1.01,2,1,0.0,,1.062639057636261e-06,Random Policy,random_small,0
0,-1.0,1,1,0.0,,1.2498348951339722e-06,Random Policy,random_small,0
0,-1.0,1,1,0.0,,1.1657830327749252e-06,Random Policy,random_small,0
0,-1.0,1,1,0.0,,1.1669471859931946e-06,Random Policy,random_small,0
0,-1.0,1,1,0.0,,1.0831281542778015e-06,Random Policy,random_small,0
0,-1.01,2,1,0.0,,9.374925866723061e-07,Random Policy,random_small,0
0,-1.0,1,1,0.0,,9.580980986356735e-07,Random Policy,random_small,0
0,-1.0,1,1,0.0,,1.0409858077764511e-06,Random Policy,random_small,0
0,-1.09,10,1,0.0,,8.373754099011421e-07,Random Policy,random_small,0
1,0.9299999999999999,8,0,0.0,0.0,2.1874438971281052e-07,Value Iteration,random_small,0
1,0.9299999999999999,8,0,0.0,0.0,1.353910192847252e-07,Value Iteration,random_small,0
1,0.9299999999999999,8,0,0.0,0.0,1.0911026038229465e-07,Value Iteration,random_small,0
1,0.9299999999999999,8,0,0.0,0.0,1.353910192847252e-07,Value Iteration,random_small,0
1,0.9299999999999999,8,0,0.0,0.0,1.7194543033838272e-07,Value Iteration,random_small,0
1,0.9299999999999999,8,0,0.0,0.0,9.909854270517826e-08,Value Iteration,random_small,0
1,0.9299999999999999,8,0,0.0,0.0,1.0951771400868893e-07,Value Iteration,random_small,0
1,0.9299999999999999,8,0,0.0,0.0,9.915675036609173e-08,Value Iteration,random_small,0
1,0.9299999999999999,8,0,0.0,0.0,1.1449446901679039e-07,Value Iteration,random_small,0
1,0.9299999999999999,8,0,0.0,0.0,1.25030055642128e-07,Value Iteration,random_small,0
1,0.9299999999999999,8,0,0.0,0.0,2.1868618205189705e-07,Policy Iteration,random_small,0
1,0.9299999999999999,8,0,0.0,0.0,1.2991949915885925e-07,Policy Iteration,random_small,0
1,0.9299999999999999,8,0,0.0,0.0,1.249427441507578e-07,Policy Iteration,random_small,0
1,0.9299999999999999,8,0,0.0,0.0,1.353910192847252e-07,Policy Iteration,random_small,0
1,0.9299999999999999,8,0,0.0,0.0,1.1455267667770386e-07,Policy Iteration,random_small,0
1,0.9299999999999999,8,0,0.0,0.0,1.1973315849900246e-07,Policy Iteration,random_small,0
1,0.9299999999999999,8,0,0.0,0.0,1.3536191545426846e-07,Policy Iteration,random_small,0
1,0.9299999999999999,8,0,0.0,0.0,1.0937219485640526e-07,Policy Iteration,random_small,0
1,0.9299999999999999,8,0,0.0,0.0,9.371433407068253e-08,Policy Iteration,random_small,0
1,0.9299999999999999,8,0,0.0,0.0,1.0948861017823219e-07,Policy Iteration,random_small,0
1,0.9299999999999999,8,0,0.0,0.0,1.0571966413408518e-06,Q-learning,random_small,0
1,0.9299999999999999,8,0,0.0,0.0,7.809430826455355e-07,Q-learning,random_small,0
1,0.9299999999999999,8,0,0.0,0.0,7.394992280751467e-07,Q-learning,random_small,0
1,0.9299999999999999,8,0,0.0,0.0,7.447379175573587e-07,Q-learning,random_small,0
1,0.9299999999999999,8,0,0.0,0.0,7.342605385929346e-07,Q-learning,random_small,0
1,0.9299999999999999,8,0,0.0,0.0,7.498892955482006e-07,Q-learning,random_small,0
1,0.9299999999999999,8,0,0.0,0.0,7.343769539147615e-07,Q-learning,random_small,0
1,0.9299999999999999,8,0,0.0,0.0,7.449125405400991e-07,Q-learning,random_small,0
1,0.9299999999999999,8,0,0.0,0.0,7.341150194406509e-07,Q-learning,random_small,0
1,0.9299999999999999,8,0,0.0,0.0,7.292255759239197e-07,Q-learning,random_small,0
0,-0.9900000000000002,50,0,0.0,,0.000631208186969161,MCTS,random_small,0
0,-0.9900000000000002,50,0,0.0,,0.0005904774321243166,MCTS,random_small,0
0,-0.9900000000000002,50,0,0.0,,0.000618017497472465,MCTS,random_small,0
1,0.6699999999999999,34,0,0.0,26.0,0.0006005845155895633,MCTS,random_small,0
0,-0.9900000000000002,50,0,0.0,,0.0005855749407783151,MCTS,random_small,0
0,-0.9900000000000002,50,0,0.0,,0.0005750841973349452,MCTS,random_small,0
0,-0.9900000000000002,50,0,0.0,,0.0005651700356975197,MCTS,random_small,0
0,-0.9900000000000002,50,0,0.0,,0.0005777166597545147,MCTS,random_small,0
1,0.8099999999999999,20,0,0.0,12.0,0.0005962729337625206,MCTS,random_small,0
0,-0.9900000000000002,50,0,0.0,,0.0005424959538504481,MCTS,random_small,0
1,0.91,10,0,0.0,2.0,0.0018687667790800333,Standard Diffusion,random_small,0
1,0.9299999999999999,8,0,0.0,0.0,0.0018329167214687914,Standard Diffusion,random_small,0
1,0.89,12,0,0.0,4.0,0.001821027952246368,Standard Diffusion,random_small,0
1,0.9299999999999999,8,0,0.0,0.0,0.001799156394554302,Standard Diffusion,random_small,0
1,0.89,12,0,0.0,4.0,0.0018597223097458482,Standard Diffusion,random_small,0
1,0.9299999999999999,8,0,0.0,0.0,0.0018036513065453619,Standard Diffusion,random_small,0
1,0.9299999999999999,8,0,0.0,0.0,0.0018075206025969237,Standard Diffusion,random_small,0
1,0.91,10,0,0.0,2.0,0.0018037916859611868,Standard Diffusion,random_small,0
1,0.9299999999999999,8,0,0.0,0.0,0.0018053179082926363,Standard Diffusion,random_small,0
1,0.91,10,0,0.0,2.0,0.001836762367747724,Standard Diffusion,random_small,0
1,0.91,10,0,0.0,2.0,0.0020264377351850273,Failure-Memory Diffusion,random_small,0
1,0.9299999999999999,8,0,0.0,0.0,0.001999890519073233,Failure-Memory Diffusion,random_small,0
1,0.89,12,0,0.0,4.0,0.002009072864893824,Failure-Memory Diffusion,random_small,0
1,0.9299999999999999,8,0,0.0,0.0,0.0019891927659045905,Failure-Memory Diffusion,random_small,0
1,0.89,12,0,0.0,4.0,0.002013968691850702,Failure-Memory Diffusion,random_small,0
1,0.9299999999999999,8,0,0.0,0.0,0.002016546903178096,Failure-Memory Diffusion,random_small,0
1,0.9299999999999999,8,0,0.0,0.0,0.0019960780919063836,Failure-Memory Diffusion,random_small,0
1,0.91,10,0,0.0,2.0,0.0020176624646410348,Failure-Memory Diffusion,random_small,0
1,0.9299999999999999,8,0,0.0,0.0,0.002012396085774526,Failure-Memory Diffusion,random_small,0
1,0.91,10,0,0.0,2.0,0.0020100458059459925,Failure-Memory Diffusion,random_small,0
0,-1.0,1,1,0.0,,2.874992787837982e-06,Random Policy,easy,1
0,-1.03,4,1,0.0,,1.0414514690637589e-06,Random Policy,easy,1
0,-1.0,1,1,0.0,,1.1248048394918442e-06,Random Policy,easy,1
0,-1.02,3,1,0.0,,9.307016928990682e-07,Random Policy,easy,1
0,-1.0,1,1,0.0,,1.1669471859931946e-06,Random Policy,easy,1
0,-1.19,20,1,0.0,,7.125083357095718e-07,Random Policy,easy,1
0,-1.0,1,1,0.0,,1.1669471859931946e-06,Random Policy,easy,1
0,-1.0,1,1,0.0,,1.0421499609947205e-06,Random Policy,easy,1
0,-1.06,7,1,0.0,,7.677424166883741e-07,Random Policy,easy,1
0,-1.0,1,1,0.0,,1.0421499609947205e-06,Random Policy,easy,1
1,0.96,5,0,0.0,0.0,2.0815059542655945e-07,Value Iteration,easy,1
1,0.96,5,0,0.0,0.0,1.1655502021312714e-07,Value Iteration,easy,1
1,0.96,5,0,0.0,0.0,1.4980323612689971e-07,Value Iteration,easy,1
1,0.96,5,0,0.0,0.0,1.0854564607143402e-07,Value Iteration,easy,1
1,0.96,5,0,0.0,0.0,1.2512318789958953e-07,Value Iteration,easy,1
1,0.96,5,0,0.0,0.0,9.12696123123169e-08,Value Iteration,easy,1
1,0.96,5,0,0.0,0.0,1.1674128472805023e-07,Value Iteration,easy,1
1,0.96,5,0,0.0,0.0,9.17818397283554e-08,Value Iteration,easy,1
1,0.96,5,0,0.0,0.0,9.969808161258697e-08,Value Iteration,easy,1
1,0.96,5,0,0.0,0.0,9.979121387004853e-08,Value Iteration,easy,1
1,0.96,5,0,0.0,0.0,3.002118319272995e-07,Policy Iteration,easy,1
1,0.96,5,0,0.0,0.0,1.1664815247058868e-07,Policy Iteration,easy,1
1,0.96,5,0,0.0,0.0,1.1678785085678101e-07,Policy Iteration,easy,1
1,0.96,5,0,0.0,0.0,1.2521632015705108e-07,Policy Iteration,easy,1
1,0.96,5,0,0.0,0.0,1.3317912817001343e-07,Policy Iteration,easy,1
1,0.96,5,0,0.0,0.0,9.154900908470154e-08,Policy Iteration,easy,1
1,0.96,5,0,0.0,0.0,9.182840585708618e-08,Policy Iteration,easy,1
1,0.96,5,0,0.0,0.0,1.0021030902862548e-07,Policy Iteration,easy,1
1,0.96,5,0,0.0,0.0,1.000240445137024e-07,Policy Iteration,easy,1
1,0.96,5,0,0.0,0.0,1.1683441698551178e-07,Policy Iteration,easy,1
1,0.96,5,0,0.0,0.0,1.25812366604805e-06,Q-learning,easy,1
1,0.96,5,0,0.0,0.0,8.168164640665054e-07,Q-learning,easy,1
1,0.96,5,0,0.0,0.0,7.666181772947311e-07,Q-learning,easy,1
1,0.96,5,0,0.0,0.0,7.498078048229218e-07,Q-learning,easy,1
1,0.96,5,0,0.0,0.0,7.665716111660004e-07,Q-learning,easy,1
1,0.96,5,0,0.0,0.0,7.583759725093841e-07,Q-learning,easy,1
1,0.96,5,0,0.0,0.0,7.913913577795029e-07,Q-learning,easy,1
1,0.96,5,0,0.0,0.0,7.251743227243423e-07,Q-learning,easy,1
1,0.96,5,0,0.0,0.0,7.333699613809586e-07,Q-learning,easy,1
1,0.96,5,0,0.0,0.0,7.251743227243423e-07,Q-learning,easy,1
1,0.92,9,0,0.0,4.0,0.0004946481591711441,MCTS,easy,1
0,-0.9900000000000002,50,0,0.0,,0.0005043717054650187,MCTS,easy,1
1,0.6799999999999999,33,0,0.0,28.0,0.0005055352989019769,MCTS,easy,1
0,-0.9900000000000002,50,0,0.0,,0.0005030332924798131,MCTS,easy,1
1,0.84,17,0,0.0,12.0,0.00045200235977330627,MCTS,easy,1
1,0.92,9,0,0.0,4.0,0.00039408790568510693,MCTS,easy,1
0,-0.9900000000000002,50,0,0.0,,0.0004312183894217014,MCTS,easy,1
1,0.7599999999999999,25,0,0.0,20.0,0.0004547034576535225,MCTS,easy,1
0,-0.9900000000000002,50,0,0.0,,0.0004828075086697936,MCTS,easy,1
1,0.9,11,0,0.0,6.0,0.00041812859390946954,MCTS,easy,1
1,0.92,9,0,0.0,4.0,0.0018195600973235236,Standard Diffusion,easy,1
1,0.88,13,0,0.0,8.0,0.001810987050143572,Standard Diffusion,easy,1
1,0.94,7,0,0.0,2.0,0.0018537378803427731,Standard Diffusion,easy,1
1,0.94,7,0,0.0,2.0,0.0017919224088213273,Standard Diffusion,easy,1
1,0.92,9,0,0.0,4.0,0.0018071018987231785,Standard Diffusion,easy,1
1,0.94,7,0,0.0,2.0,0.0017891607047723873,Standard Diffusion,easy,1
1,0.96,5,0,0.0,0.0,0.001760858204215765,Standard Diffusion,easy,1
1,0.92,9,0,0.0,4.0,0.0017823425587266684,Standard Diffusion,easy,1
1,0.9,11,0,0.0,6.0,0.0018021475354378874,Standard Diffusion,easy,1
1,0.96,5,0,0.0,0.0,0.0018612248823046684,Standard Diffusion,easy,1
1,0.92,9,0,0.0,4.0,0.0019770972430706024,Failure-Memory Diffusion,easy,1
1,0.88,13,0,0.0,8.0,0.0019748621226216736,Failure-Memory Diffusion,easy,1
1,0.94,7,0,0.0,2.0,0.0019752976285027607,Failure-Memory Diffusion,easy,1
1,0.94,7,0,0.0,2.0,0.002000958226355059,Failure-Memory Diffusion,easy,1
1,0.92,9,0,0.0,4.0,0.0019830789210067857,Failure-Memory Diffusion,easy,1
1,0.94,7,0,0.0,2.0,0.0020043630419032915,Failure-Memory Diffusion,easy,1
1,0.96,5,0,0.0,0.0,0.002004049811512232,Failure-Memory Diffusion,easy,1
1,0.92,9,0,0.0,4.0,0.0020143655387477744,Failure-Memory Diffusion,easy,1
1,0.9,11,0,0.0,6.0,0.002011999911205335,Failure-Memory Diffusion,easy,1
1,0.96,5,0,0.0,0.0,0.0020121249835938215,Failure-Memory Diffusion,easy,1
0,-1.0,1,1,0.0,,2.7909409254789352e-06,Random Policy,obstacle,1
0,-1.03,4,1,0.0,,9.374925866723061e-07,Random Policy,obstacle,1
0,-1.0,1,1,0.0,,1.2079253792762756e-06,Random Policy,obstacle,1
0,-1.02,3,1,0.0,,9.162661929925283e-07,Random Policy,obstacle,1
0,-1.0,1,1,0.0,,1.125037670135498e-06,Random Policy,obstacle,1
0,-1.05,6,1,0.0,,7.84600464006265e-07,Random Policy,obstacle,1
0,-1.0,1,1,0.0,,1.0409858077764511e-06,Random Policy,obstacle,1
0,-1.0,1,1,0.0,,1.0421499609947205e-06,Random Policy,obstacle,1
0,-1.03,4,1,0.0,,8.440692909061909e-07,Random Policy,obstacle,1
0,-1.0,1,1,0.0,,9.580980986356735e-07,Random Policy,obstacle,1
1,0.92,9,0,0.0,0.0,1.762527972459793e-07,Value Iteration,obstacle,1
1,0.92,9,0,0.0,0.0,1.1100847687986162e-07,Value Iteration,obstacle,1
1,0.92,9,0,0.0,0.0,1.0195395184887781e-07,Value Iteration,obstacle,1
1,0.92,9,0,0.0,0.0,1.250041855706109e-07,Value Iteration,obstacle,1
1,0.92,9,0,0.0,0.0,1.0151416063308716e-07,Value Iteration,obstacle,1
1,0.92,9,0,0.0,0.0,8.790650301509433e-08,Value Iteration,obstacle,1
1,0.92,9,0,0.0,0.0,9.719385868973202e-08,Value Iteration,obstacle,1
1,0.92,9,0,0.0,0.0,9.258898595968883e-08,Value Iteration,obstacle,1
1,0.92,9,0,0.0,0.0,1.0159177084763844e-07,Value Iteration,obstacle,1
1,0.92,9,0,0.0,0.0,8.81652037302653e-08,Value Iteration,obstacle,1
1,0.92,9,0,0.0,0.0,2.500342412127389e-07,Policy Iteration,obstacle,1
1,0.92,9,0,0.0,0.0,1.202958325544993e-07,Policy Iteration,obstacle,1
1,0.92,9,0,0.0,0.0,1.019798219203949e-07,Policy Iteration,obstacle,1
1,0.92,9,0,0.0,0.0,9.696102804607816e-08,Policy Iteration,obstacle,1
1,0.92,9,0,0.0,0.0,1.0187634163432651e-07,Policy Iteration,obstacle,1
1,0.92,9,0,0.0,0.0,1.2032170262601642e-07,Policy Iteration,obstacle,1
1,0.92,9,0,0.0,0.0,1.0182460149129231e-07,Policy Iteration,obstacle,1
1,0.92,9,0,0.0,0.0,9.721972876124912e-08,Policy Iteration,obstacle,1
1,0.92,9,0,0.0,0.0,8.788063294357724e-08,Policy Iteration,obstacle,1
1,0.92,9,0,0.0,0.0,9.73749491903517e-08,Policy Iteration,obstacle,1
1,0.92,9,0,0.0,0.0,1.0044055266512764e-06,Q-learning,obstacle,1
1,0.92,9,0,0.0,0.0,8.566615482171377e-07,Q-learning,obstacle,1
1,0.92,9,0,0.0,0.0,7.407636278205448e-07,Q-learning,obstacle,1
1,0.92,9,0,0.0,0.0,7.548110766543282e-07,Q-learning,obstacle,1
1,0.92,9,0,0.0,0.0,8.009891543123457e-07,Q-learning,obstacle,1
1,0.92,9,0,0.0,0.0,7.776802198754417e-07,Q-learning,obstacle,1
1,0.92,9,0,0.0,0.0,7.776543498039246e-07,Q-learning,obstacle,1
1,0.92,9,0,0.0,0.0,7.358224441607794e-07,Q-learning,obstacle,1
1,0.92,9,0,0.0,0.0,7.086071289247936e-07,Q-learning,obstacle,1
1,0.92,9,0,0.0,0.0,7.2663856877221e-07,Q-learning,obstacle,1
1,0.7,31,0,0.0,22.0,0.0009053428206712969,MCTS,obstacle,1
1,0.7999999999999999,21,0,0.0,12.0,0.0009731884735325972,MCTS,obstacle,1
1,0.92,9,0,0.0,0.0,0.0008468470122251245,MCTS,obstacle,1
1,0.7599999999999999,25,0,0.0,16.0,0.000995603334158659,MCTS,obstacle,1
1,0.88,13,0,0.0,4.0,0.0009019935252861335,MCTS,obstacle,1
1,0.74,27,0,0.0,18.0,0.0009963473960481308,MCTS,obstacle,1
1,0.72,29,0,0.0,20.0,0.0010252786832379884,MCTS,obstacle,1
1,0.7799999999999999,23,0,0.0,14.0,0.0009926178330636542,MCTS,obstacle,1
1,0.86,15,0,0.0,6.0,0.0009257889042298,MCTS,obstacle,1
1,0.9,11,0,0.0,2.0,0.000819738848473538,MCTS,obstacle,1
0,-1.02,3,1,0.0,,0.0018495000743617613,Standard Diffusion,obstacle,1
1,0.92,9,0,0.0,0.0,0.0018165277627607186,Standard Diffusion,obstacle,1
0,-1.02,3,1,0.0,,0.0018152360959599416,Standard Diffusion,obstacle,1
0,-1.02,3,1,0.0,,0.0018256947708626587,Standard Diffusion,obstacle,1
0,-1.04,5,1,0.0,,0.0017821504268795251,Standard Diffusion,obstacle,1
0,-1.02,3,1,0.0,,0.0017587915839006503,Standard Diffusion,obstacle,1
0,-1.02,3,1,0.0,,0.0017531254173566897,Standard Diffusion,obstacle,1
0,-1.02,3,1,0.0,,0.0017685280181467533,Standard Diffusion,obstacle,1
0,-1.02,3,1,0.0,,0.0017915279604494572,Standard Diffusion,obstacle,1
0,-1.04,5,1,0.0,,0.001761374855414033,Standard Diffusion,obstacle,1
0,-1.02,3,1,0.0,,0.001957666982586185,Failure-Memory Diffusion,obstacle,1
0,-1.01,2,1,0.3333333333333333,,0.001967770396731794,Failure-Memory Diffusion,obstacle,1
0,-1.03,4,1,0.6,,0.00199616642203182,Failure-Memory Diffusion,obstacle,1
0,-1.01,2,1,1.0,,0.002026520553044975,Failure-Memory Diffusion,obstacle,1
1,0.88,13,0,0.42857142857142855,4.0,0.001973634478277885,Failure-Memory Diffusion,obstacle,1
1,0.92,9,0,0.4,0.0,0.0020164907392528322,Failure-Memory Diffusion,obstacle,1
1,0.92,9,0,0.4,0.0,0.002062337731735574,Failure-Memory Diffusion,obstacle,1
1,0.9,11,0,0.4166666666666667,2.0,0.001989890186285431,Failure-Memory Diffusion,obstacle,1
0,-1.02,3,1,1.0,,0.0019240696759273608,Failure-Memory Diffusion,obstacle,1
1,0.88,13,0,0.42857142857142855,4.0,0.0020069295827012798,Failure-Memory Diffusion,obstacle,1
0,-1.0,1,1,0.0,,4.332978278398514e-06,Random Policy,deceptive,1
0,-1.03,4,1,0.0,,1.0625808499753475e-06,Random Policy,deceptive,1
0,-1.0,1,1,0.0,,1.3329554349184036e-06,Random Policy,deceptive,1
0,-1.02,3,1,0.0,,9.310121337572733e-07,Random Policy,deceptive,1
0,-1.0,1,1,0.0,,3.0419323593378067e-06,Random Policy,deceptive,1
0,-1.05,6,1,0.0,,1.0347381855050723e-06,Random Policy,deceptive,1
0,-1.0,1,1,0.0,,1.250067725777626e-06,Random Policy,deceptive,1
0,-1.0,1,1,0.0,,1.291045919060707e-06,Random Policy,deceptive,1
0,-1.03,4,1,0.0,,8.647912181913853e-07,Random Policy,deceptive,1
0,-1.0,1,1,0.0,,1.166015863418579e-06,Random Policy,deceptive,1
1,0.88,13,0,0.0,0.0,1.9231811165809631e-07,Value Iteration,deceptive,1
1,0.88,13,0,0.0,0.0,1.1525116860866547e-07,Value Iteration,deceptive,1
1,0.88,13,0,0.0,0.0,1.3126275287224695e-07,Value Iteration,deceptive,1
1,0.88,13,0,0.0,0.0,1.1845706747128413e-07,Value Iteration,deceptive,1
1,0.88,13,0,0.0,0.0,1.0581257251592783e-07,Value Iteration,deceptive,1
1,0.88,13,0,0.0,0.0,1.0894683118049915e-07,Value Iteration,deceptive,1
1,0.88,13,0,0.0,0.0,9.610532568051265e-08,Value Iteration,deceptive,1
1,0.88,13,0,0.0,0.0,1.0593794286251068e-07,Value Iteration,deceptive,1
1,0.88,13,0,0.0,0.0,1.4084462936107929e-07,Value Iteration,deceptive,1
1,0.88,13,0,0.0,0.0,1.152690786581773e-07,Value Iteration,deceptive,1
1,0.88,13,0,0.0,0.0,2.2763672929543716e-07,Policy Iteration,deceptive,1
1,0.88,13,0,0.0,0.0,1.2178833668048566e-07,Policy Iteration,deceptive,1
1,0.88,13,0,0.0,0.0,1.1858243781786699e-07,Policy Iteration,deceptive,1
1,0.88,13,0,0.0,0.0,1.2814640425718747e-07,Policy Iteration,deceptive,1
1,0.88,13,0,0.0,0.0,1.2177042663097382e-07,Policy Iteration,deceptive,1
1,0.88,13,0,0.0,0.0,1.1541235905427199e-07,Policy Iteration,deceptive,1
1,0.88,13,0,0.0,0.0,1.0579466246641599e-07,Policy Iteration,deceptive,1
1,0.88,13,0,0.0,0.0,1.0575884236739232e-07,Policy Iteration,deceptive,1
1,0.88,13,0,0.0,0.0,1.0260667365330916e-07,Policy Iteration,deceptive,1
1,0.88,13,0,0.0,0.0,1.0900056132903465e-07,Policy Iteration,deceptive,1
0,-0.9900000000000002,50,0,0.0,,8.108234032988548e-07,Q-learning,deceptive,1
0,-0.9900000000000002,50,0,0.0,,6.441259756684303e-07,Q-learning,deceptive,1
0,-0.9900000000000002,50,0,0.0,,6.457092240452767e-07,Q-learning,deceptive,1
0,-0.9900000000000002,50,0,0.0,,6.29122368991375e-07,Q-learning,deceptive,1
0,-0.9900000000000002,50,0,0.0,,6.282655522227288e-07,Q-learning,deceptive,1
0,-0.9900000000000002,50,0,0.0,,6.342260167002678e-07,Q-learning,deceptive,1
0,-0.9900000000000002,50,0,0.0,,6.233016029000282e-07,Q-learning,deceptive,1
0,-0.9900000000000002,50,0,0.0,,6.333179771900177e-07,Q-learning,deceptive,1
0,-0.9900000000000002,50,0,0.0,,6.242142990231514e-07,Q-learning,deceptive,1
0,-0.9900000000000002,50,0,0.0,,6.332620978355408e-07,Q-learning,deceptive,1
1,0.7999999999999999,21,0,0.0,8.0,0.0005987062717654876,MCTS,deceptive,1
1,0.7799999999999999,23,0,0.0,10.0,0.000670529011151065,MCTS,deceptive,1
1,0.86,15,0,0.0,2.0,0.0006579556036740541,MCTS,deceptive,1
1,0.5799999999999998,43,0,0.0,30.0,0.0007260891522259213,MCTS,deceptive,1
1,0.7,31,0,0.0,18.0,0.0006686411122040402,MCTS,deceptive,1
1,0.86,15,0,0.0,2.0,0.0007811221294105053,MCTS,deceptive,1
1,0.7799999999999999,23,0,0.0,10.0,0.0006733858735179124,MCTS,deceptive,1
1,0.5999999999999999,41,0,0.0,28.0,0.0005435559319377672,MCTS,deceptive,1
1,0.7599999999999999,25,0,0.0,12.0,0.0006890500709414482,MCTS,deceptive,1
1,0.6799999999999999,33,0,0.0,20.0,0.0005946552987690225,MCTS,deceptive,1
0,-1.03,4,1,0.0,,0.0018006042228080332,Standard Diffusion,deceptive,1
0,-1.05,6,1,0.0,,0.0018345277834062774,Standard Diffusion,deceptive,1
0,-1.03,4,1,0.0,,0.0018095833365805447,Standard Diffusion,deceptive,1
0,-1.03,4,1,0.0,,0.0017595105455256999,Standard Diffusion,deceptive,1
0,-1.03,4,1,0.0,,0.0017451252788305283,Standard Diffusion,deceptive,1
0,-1.03,4,1,0.0,,0.0017910102033056319,Standard Diffusion,deceptive,1
0,-1.03,4,1,0.0,,0.0017362707294523716,Standard Diffusion,deceptive,1
0,-1.03,4,1,0.0,,0.0018125416827388108,Standard Diffusion,deceptive,1
0,-1.03,4,1,0.0,,0.0017755520530045033,Standard Diffusion,deceptive,1
0,-1.03,4,1,0.0,,0.00180906243622303,Standard Diffusion,deceptive,1
0,-1.03,4,1,0.0,,0.00193416653200984,Failure-Memory Diffusion,deceptive,1
0,-1.06,7,1,0.125,,0.0020315950802926508,Failure-Memory Diffusion,deceptive,1
0,-1.02,3,1,1.0,,0.0019933891016989946,Failure-Memory Diffusion,deceptive,1
0,-1.03,4,1,1.0,,0.0020735940197482705,Failure-Memory Diffusion,deceptive,1
0,-1.06,7,1,1.0,,0.0020256665468748125,Failure-Memory Diffusion,deceptive,1
0,-1.05,6,1,1.0,,0.0020512361467505493,Failure-Memory Diffusion,deceptive,1
0,-1.09,10,1,1.0,,0.002025541616603732,Failure-Memory Diffusion,deceptive,1
0,-1.05,6,1,1.0,,0.0020014930050820112,Failure-Memory Diffusion,deceptive,1
0,-1.08,9,1,1.0,,0.0019996293251299197,Failure-Memory Diffusion,deceptive,1
0,-1.08,9,1,1.0,,0.002007661878855692,Failure-Memory Diffusion,deceptive,1
0,-1.0,1,1,0.0,,6.041023880243301e-06,Random Policy,random_small,1
0,-1.0,1,1,0.0,,1.834006980061531e-06,Random Policy,random_small,1
0,-1.0,1,1,0.0,,1.541106030344963e-06,Random Policy,random_small,1
0,-1.02,3,1,0.0,,1.0277144610881805e-06,Random Policy,random_small,1
0,-1.0,1,1,0.0,,1.2922100722789764e-06,Random Policy,random_small,1
0,-1.02,3,1,0.0,,9.166542440652847e-07,Random Policy,random_small,1
0,-1.0,1,1,0.0,,1.084059476852417e-06,Random Policy,random_small,1
0,-1.0,1,1,0.0,,1.0831281542778015e-06,Random Policy,random_small,1
0,-1.06,7,1,0.0,,7.618551275559835e-07,Random Policy,random_small,1
0,-1.0,1,1,0.0,,1.0828953236341476e-06,Random Policy,random_small,1
1,0.9299999999999999,8,0,0.0,0.0,2.656015567481518e-07,Value Iteration,random_small,1
1,0.9299999999999999,8,0,0.0,0.0,1.404841896146536e-07,Value Iteration,random_small,1
1,0.9299999999999999,8,0,0.0,0.0,1.4051329344511032e-07,Value Iteration,random_small,1
1,0.9299999999999999,8,0,0.0,0.0,1.19674950838089e-07,Value Iteration,random_small,1
1,0.9299999999999999,8,0,0.0,0.0,1.564621925354004e-07,Value Iteration,random_small,1
1,0.9299999999999999,8,0,0.0,0.0,1.3015232980251312e-07,Value Iteration,random_small,1
1,0.9299999999999999,8,0,0.0,0.0,1.0937219485640526e-07,Value Iteration,random_small,1
1,0.9299999999999999,8,0,0.0,0.0,1.0922667570412159e-07,Value Iteration,random_small,1
1,0.9299999999999999,8,0,0.0,0.0,1.0407529771327972e-07,Value Iteration,random_small,1
1,0.9299999999999999,8,0,0.0,0.0,1.0948861017823219e-07,Value Iteration,random_small,1
1,0.9299999999999999,8,0,0.0,0.0,3.1790114007890224e-07,Policy Iteration,random_small,1
1,0.9299999999999999,8,0,0.0,0.0,1.3026874512434006e-07,Policy Iteration,random_small,1
1,0.9299999999999999,8,0,0.0,0.0,1.2491364032030106e-07,Policy Iteration,random_small,1
1,0.9299999999999999,8,0,0.0,0.0,1.355656422674656e-07,Policy Iteration,random_small,1
1,0.9299999999999999,8,0,0.0,0.0,1.3524550013244152e-07,Policy Iteration,random_small,1
1,0.9299999999999999,8,0,0.0,0.0,1.2497184798121452e-07,Policy Iteration,random_small,1
1,0.9299999999999999,8,0,0.0,0.0,1.3536191545426846e-07,Policy Iteration,random_small,1
1,0.9299999999999999,8,0,0.0,0.0,1.3536191545426846e-07,Policy Iteration,random_small,1
1,0.9299999999999999,8,0,0.0,0.0,1.1461088433861732e-07,Policy Iteration,random_small,1
1,0.9299999999999999,8,0,0.0,0.0,1.1431984603404999e-07,Policy Iteration,random_small,1
1,0.9299999999999999,8,0,0.0,0.0,1.2812379281967878e-06,Q-learning,random_small,1
1,0.9299999999999999,8,0,0.0,0.0,8.64383764564991e-07,Q-learning,random_small,1
1,0.9299999999999999,8,0,0.0,0.0,7.655471563339233e-07,Q-learning,random_small,1
1,0.9299999999999999,8,0,0.0,0.0,7.708440534770489e-07,Q-learning,random_small,1
1,0.9299999999999999,8,0,0.0,0.0,7.813796401023865e-07,Q-learning,random_small,1
1,0.9299999999999999,8,0,0.0,0.0,7.603084668517113e-07,Q-learning,random_small,1
1,0.9299999999999999,8,0,0.0,0.0,8.073111530393362e-07,Q-learning,random_small,1
1,0.9299999999999999,8,0,0.0,0.0,7.656053639948368e-07,Q-learning,random_small,1
1,0.9299999999999999,8,0,0.0,0.0,7.499475032091141e-07,Q-learning,random_small,1
1,0.9299999999999999,8,0,0.0,0.0,7.550115697085857e-07,Q-learning,random_small,1
0,-0.9900000000000002,50,0,0.0,,0.0005692399805411697,MCTS,random_small,1
1,0.5899999999999999,42,0,0.0,34.0,0.0005329205388469356,MCTS,random_small,1
0,-0.9900000000000002,50,0,0.0,,0.0005601150030270219,MCTS,random_small,1
0,-0.9900000000000002,50,0,0.0,,0.0005957074789330364,MCTS,random_small,1
1,0.87,14,0,0.0,6.0,0.0005825863918289542,MCTS,random_small,1
0,-0.9900000000000002,50,0,0.0,,0.0005664908746257424,MCTS,random_small,1
0,-0.9900000000000002,50,0,0.0,,0.0005324208829551935,MCTS,random_small,1
0,-0.9900000000000002,50,0,0.0,,0.0006161233084276318,MCTS,random_small,1
0,-0.9900000000000002,50,0,0.0,,0.0005791999865323305,MCTS,random_small,1
1,0.7699999999999999,24,0,0.0,16.0,0.0006277081362592677,MCTS,random_small,1
1,0.89,12,0,0.0,4.0,0.0018552325782366097,Standard Diffusion,random_small,1
1,0.9299999999999999,8,0,0.0,0.0,0.0018285470141563565,Standard Diffusion,random_small,1
1,0.91,10,0,0.0,2.0,0.0018385956296697258,Standard Diffusion,random_small,1
1,0.9299999999999999,8,0,0.0,0.0,0.001837578194681555,Standard Diffusion,random_small,1
1,0.9299999999999999,8,0,0.0,0.0,0.0018217707693111151,Standard Diffusion,random_small,1
1,0.9299999999999999,8,0,0.0,0.0,0.0018274581525474787,Standard Diffusion,random_small,1
1,0.89,12,0,0.0,4.0,0.001794093851155291,Standard Diffusion,random_small,1
1,0.91,10,0,0.0,2.0,0.0018171540461480618,Standard Diffusion,random_small,1
1,0.89,12,0,0.0,4.0,0.0017953403488111992,Standard Diffusion,random_small,1
1,0.91,10,0,0.0,2.0,0.0017724165460094809,Standard Diffusion,random_small,1
1,0.89,12,0,0.0,4.0,0.001992788321028153,Failure-Memory Diffusion,random_small,1
1,0.9299999999999999,8,0,0.0,0.0,0.0019877135346177965,Failure-Memory Diffusion,random_small,1
1,0.91,10,0,0.0,2.0,0.0019790707156062126,Failure-Memory Diffusion,random_small,1
1,0.9299999999999999,8,0,0.0,0.0,0.0019644684507511556,Failure-Memory Diffusion,random_small,1
1,0.9299999999999999,8,0,0.0,0.0,0.002018192666582763,Failure-Memory Diffusion,random_small,1
1,0.9299999999999999,8,0,0.0,0.0,0.0019856460276059806,Failure-Memory Diffusion,random_small,1
1,0.89,12,0,0.0,4.0,0.001964864534481118,Failure-Memory Diffusion,random_small,1
1,0.91,10,0,0.0,2.0,0.00199229612480849,Failure-Memory Diffusion,random_small,1
1,0.89,12,0,0.0,4.0,0.001964798526993642,Failure-Memory Diffusion,random_small,1
1,0.91,10,0,0.0,2.0,0.0019586333073675632,Failure-Memory Diffusion,random_small,1
0,-1.0,1,1,0.0,,1.8749851733446121e-06,Random Policy,easy,2
0,-1.0,1,1,0.0,,1.5418045222759247e-06,Random Policy,easy,2
0,-1.02,3,1,0.0,,1.0143655041853588e-06,Random Policy,easy,2
0,-1.37,38,1,0.0,,6.830638372584394e-07,Random Policy,easy,2
0,-1.0,1,1,0.0,,1.0828953236341476e-06,Random Policy,easy,2
0,-1.01,2,1,0.0,,9.170034900307655e-07,Random Policy,easy,2
0,-1.0,1,1,0.0,,1.00000761449337e-06,Random Policy,easy,2
0,-1.09,10,1,0.0,,7.499009370803833e-07,Random Policy,easy,2
0,-1.0,1,1,0.0,,1.125037670135498e-06,Random Policy,easy,2
0,-1.01,2,1,0.0,,9.578652679920197e-07,Random Policy,easy,2
1,0.96,5,0,0.0,0.0,2.9159709811210634e-07,Value Iteration,easy,2
1,0.96,5,0,0.0,0.0,1.916196197271347e-07,Value Iteration,easy,2
1,0.96,5,0,0.0,0.0,1.1678785085678101e-07,Value Iteration,easy,2
1,0.96,5,0,0.0,0.0,9.997747838497161e-08,Value Iteration,easy,2
1,0.96,5,0,0.0,0.0,1.084059476852417e-07,Value Iteration,easy,2
1,0.96,5,0,0.0,0.0,1.0007061064243317e-07,Value Iteration,easy,2
1,0.96,5,0,0.0,0.0,1.084059476852417e-07,Value Iteration,easy,2
1,0.96,5,0,0.0,0.0,9.98377799987793e-08,Value Iteration,easy,2
1,0.96,5,0,0.0,0.0,9.206123650074005e-08,Value Iteration,easy,2
1,0.96,5,0,0.0,0.0,1.084059476852417e-07,Value Iteration,easy,2
1,0.96,5,0,0.0,0.0,3.418419510126114e-07,Policy Iteration,easy,2
1,0.96,5,0,0.0,0.0,1.25030055642128e-07,Policy Iteration,easy,2
1,0.96,5,0,0.0,0.0,9.140931069850922e-08,Policy Iteration,easy,2
1,0.96,5,0,0.0,0.0,1.1660158634185791e-07,Policy Iteration,easy,2
1,0.96,5,0,0.0,0.0,1.0859221220016479e-07,Policy Iteration,easy,2
1,0.96,5,0,0.0,0.0,2.250541001558304e-07,Policy Iteration,easy,2
1,0.96,5,0,0.0,0.0,1.1636875569820404e-07,Policy Iteration,easy,2
1,0.96,5,0,0.0,0.0,1.0817311704158783e-07,Policy Iteration,easy,2
1,0.96,5,0,0.0,0.0,1.1641532182693481e-07,Policy Iteration,easy,2
1,0.96,5,0,0.0,0.0,9.159557521343231e-08,Policy Iteration,easy,2
1,0.96,5,0,0.0,0.0,1.3749580830335616e-06,Q-learning,easy,2
1,0.96,5,0,0.0,0.0,9.084586054086686e-07,Q-learning,easy,2
1,0.96,5,0,0.0,0.0,8.333474397659301e-07,Q-learning,easy,2
1,0.96,5,0,0.0,0.0,8.331611752510071e-07,Q-learning,easy,2
1,0.96,5,0,0.0,0.0,8.33580270409584e-07,Q-learning,easy,2
1,0.96,5,0,0.0,0.0,8.585862815380096e-07,Q-learning,easy,2
1,0.96,5,0,0.0,0.0,8.50064679980278e-07,Q-learning,easy,2
1,0.96,5,0,0.0,0.0,8.501578122377396e-07,Q-learning,easy,2
1,0.96,5,0,0.0,0.0,8.332077413797378e-07,Q-learning,easy,2
1,0.96,5,0,0.0,0.0,7.663853466510772e-07,Q-learning,easy,2
0,-0.9900000000000002,50,0,0.0,,0.000482293302193284,MCTS,easy,2
1,0.94,7,0,0.0,2.0,0.00047805938603622574,MCTS,easy,2
0,-0.9900000000000002,50,0,0.0,,0.0004917974956333638,MCTS,easy,2
1,0.7999999999999999,21,0,0.0,16.0,0.0004583729785822687,MCTS,easy,2
0,-0.9900000000000002,50,0,0.0,,0.00044201246928423645,MCTS,easy,2
1,0.5199999999999998,49,0,0.0,44.0,0.0004596352548699598,MCTS,easy,2
1,0.5199999999999998,49,0,0.0,44.0,0.000490654849124198,MCTS,easy,2
1,0.84,17,0,0.0,12.0,0.0004826151519356405,MCTS,easy,2
1,0.5599999999999998,45,0,0.0,40.0,0.0004966045471115245,MCTS,easy,2
1,0.88,13,0,0.0,8.0,0.0004331953823566437,MCTS,easy,2
1,0.9,11,0,0.0,6.0,0.001806818118149584,Standard Diffusion,easy,2
1,0.94,7,0,0.0,2.0,0.0018104285201323883,Standard Diffusion,easy,2
1,0.86,15,0,0.0,10.0,0.0018325917112330596,Standard Diffusion,easy,2
1,0.94,7,0,0.0,2.0,0.0017977381524230754,Standard Diffusion,easy,2
1,0.86,15,0,0.0,10.0,0.0018065082840621471,Standard Diffusion,easy,2
1,0.92,9,0,0.0,4.0,0.0018044257691750925,Standard Diffusion,easy,2
1,0.94,7,0,0.0,2.0,0.0018164999783039093,Standard Diffusion,easy,2
1,0.88,13,0,0.0,8.0,0.0017965001483949332,Standard Diffusion,easy,2
1,0.92,9,0,0.0,4.0,0.0017796297454171712,Standard Diffusion,easy,2
1,0.94,7,0,0.0,2.0,0.0017922916116991214,Standard Diffusion,easy,2
1,0.9,11,0,0.0,6.0,0.0019759468056938863,Failure-Memory Diffusion,easy,2
1,0.94,7,0,0.0,2.0,0.0019434523835246051,Failure-Memory Diffusion,easy,2
1,0.86,15,0,0.0,10.0,0.0019969526833544175,Failure-Memory Diffusion,easy,2
1,0.94,7,0,0.0,2.0,0.0019776608595358475,Failure-Memory Diffusion,easy,2
1,0.86,15,0,0.0,10.0,0.0019909804686903954,Failure-Memory Diffusion,easy,2
1,0.92,9,0,0.0,4.0,0.001982759373883406,Failure-Memory Diffusion,easy,2
1,0.94,7,0,0.0,2.0,0.001951541585315551,Failure-Memory Diffusion,easy,2
1,0.88,13,0,0.0,8.0,0.001980189234018326,Failure-Memory Diffusion,easy,2
1,0.92,9,0,0.0,4.0,0.0019569030135042137,Failure-Memory Diffusion,easy,2
1,0.94,7,0,0.0,2.0,0.001964821413691555,Failure-Memory Diffusion,easy,2
0,-1.0,1,1,0.0,,2.6668421924114227e-06,Random Policy,obstacle,2
0,-1.0,1,1,0.0,,1.4998950064182281e-06,Random Policy,obstacle,2
0,-1.02,3,1,0.0,,9.859601656595867e-07,Random Policy,obstacle,2
0,-1.01,2,1,0.0,,9.374925866723061e-07,Random Policy,obstacle,2
0,-1.0,1,1,0.0,,1.0419171303510666e-06,Random Policy,obstacle,2
0,-1.01,2,1,0.0,,8.954666554927826e-07,Random Policy,obstacle,2
0,-1.0,1,1,0.0,,1.00000761449337e-06,Random Policy,obstacle,2
0,-1.01,2,1,0.0,,9.164214134216309e-07,Random Policy,obstacle,2
0,-1.0,1,1,0.0,,9.59029421210289e-07,Random Policy,obstacle,2
0,-1.01,2,1,0.0,,8.955830708146095e-07,Random Policy,obstacle,2
1,0.92,9,0,0.0,0.0,1.8520384199089474e-07,Value Iteration,obstacle,2
1,0.92,9,0,0.0,0.0,1.0640360414981842e-07,Value Iteration,obstacle,2
1,0.92,9,0,0.0,0.0,9.266659617424011e-08,Value Iteration,obstacle,2
1,0.92,9,0,0.0,0.0,1.0650708443588681e-07,Value Iteration,obstacle,2
1,0.92,9,0,0.0,0.0,1.2973840865823956e-07,Value Iteration,obstacle,2
1,0.92,9,0,0.0,0.0,9.266659617424011e-08,Value Iteration,obstacle,2
1,0.92,9,0,0.0,0.0,8.8087593515714e-08,Value Iteration,obstacle,2
1,0.92,9,0,0.0,0.0,1.0190221170584361e-07,Value Iteration,obstacle,2
1,0.92,9,0,0.0,0.0,9.724559883276622e-08,Value Iteration,obstacle,2
1,0.92,9,0,0.0,0.0,1.065846946504381e-07,Value Iteration,obstacle,2
1,0.92,9,0,0.0,0.0,1.5770395596822104e-07,Policy Iteration,obstacle,2
1,0.92,9,0,0.0,0.0,1.0185047156280942e-07,Policy Iteration,obstacle,2
1,0.92,9,0,0.0,0.0,1.0177286134825812e-07,Policy Iteration,obstacle,2
1,0.92,9,0,0.0,0.0,9.719385868973202e-08,Policy Iteration,obstacle,2
1,0.92,9,0,0.0,0.0,1.0195395184887781e-07,Policy Iteration,obstacle,2
1,0.92,9,0,0.0,0.0,1.2487483521302542e-07,Policy Iteration,obstacle,2
1,0.92,9,0,0.0,0.0,9.719385868973202e-08,Policy Iteration,obstacle,2
1,0.92,9,0,0.0,0.0,9.73232090473175e-08,Policy Iteration,obstacle,2
1,0.92,9,0,0.0,0.0,9.266659617424011e-08,Policy Iteration,obstacle,2
1,0.92,9,0,0.0,0.0,1.1111195716593001e-07,Policy Iteration,obstacle,2
1,0.92,9,0,0.0,0.0,9.862188663747575e-07,Q-learning,obstacle,2
1,0.92,9,0,0.0,0.0,7.591055085261663e-07,Q-learning,obstacle,2
1,0.92,9,0,0.0,0.0,7.17558173669709e-07,Q-learning,obstacle,2
1,0.92,9,0,0.0,0.0,6.71224875582589e-07,Q-learning,obstacle,2
1,0.92,9,0,0.0,0.0,6.850912339157528e-07,Q-learning,obstacle,2
1,0.92,9,0,0.0,0.0,6.988799820343653e-07,Q-learning,obstacle,2
1,0.92,9,0,0.0,0.0,7.037952956226137e-07,Q-learning,obstacle,2
1,0.92,9,0,0.0,0.0,7.035107248359257e-07,Q-learning,obstacle,2
1,0.92,9,0,0.0,0.0,7.17532303598192e-07,Q-learning,obstacle,2
1,0.92,9,0,0.0,0.0,6.899806774324841e-07,Q-learning,obstacle,2
1,0.7799999999999999,23,0,0.0,14.0,0.0009939800542981727,MCTS,obstacle,2
1,0.82,19,0,0.0,10.0,0.0008718290023113552,MCTS,obstacle,2
1,0.88,13,0,0.0,4.0,0.0008663235124773704,MCTS,obstacle,2
1,0.7999999999999999,21,0,0.0,12.0,0.0009725417476147413,MCTS,obstacle,2
1,0.5599999999999998,45,0,0.0,36.0,0.0010839397553354501,MCTS,obstacle,2
1,0.6799999999999999,33,0,0.0,24.0,0.0008653372060507536,MCTS,obstacle,2
1,0.84,17,0,0.0,8.0,0.0010138798970729113,MCTS,obstacle,2
1,0.92,9,0,0.0,0.0,0.0007863425546222263,MCTS,obstacle,2
1,0.88,13,0,0.0,4.0,0.0007098495530394408,MCTS,obstacle,2
1,0.86,15,0,0.0,6.0,0.000951555526504914,MCTS,obstacle,2
0,-1.08,9,1,0.0,,0.001772402837458584,Standard Diffusion,obstacle,2
0,-1.02,3,1,0.0,,0.0017157640152921279,Standard Diffusion,obstacle,2
0,-1.02,3,1,0.0,,0.00174858335716029,Standard Diffusion,obstacle,2
0,-1.02,3,1,0.0,,0.0017156110455592473,Standard Diffusion,obstacle,2
0,-1.02,3,1,0.0,,0.0017414309550076723,Standard Diffusion,obstacle,2
0,-1.02,3,1,0.0,,0.001717055682092905,Standard Diffusion,obstacle,2
0,-1.02,3,1,0.0,,0.0017392919398844242,Standard Diffusion,obstacle,2
0,-1.02,3,1,0.0,,0.0017261387159427006,Standard Diffusion,obstacle,2
0,-1.02,3,1,0.0,,0.0017698331891248624,Standard Diffusion,obstacle,2
0,-1.02,3,1,0.0,,0.001724417010943095,Standard Diffusion,obstacle,2
0,-1.08,9,1,0.0,,0.0019119398461447821,Failure-Memory Diffusion,obstacle,2
0,-1.03,4,1,0.8,,0.002002541732508689,Failure-Memory Diffusion,obstacle,2
1,0.86,15,0,0.25,6.0,0.0019846416544169188,Failure-Memory Diffusion,obstacle,2
0,-1.02,3,1,1.0,,0.002003778082629045,Failure-Memory Diffusion,obstacle,2
1,0.9,11,0,0.25,2.0,0.0020120568488809195,Failure-Memory Diffusion,obstacle,2
1,0.92,9,0,0.5,0.0,0.0020005505583766433,Failure-Memory Diffusion,obstacle,2
1,0.88,13,0,0.35714285714285715,4.0,0.001992291770875454,Failure-Memory Diffusion,obstacle,2
1,0.92,9,0,0.5,0.0,0.001988541774658693,Failure-Memory Diffusion,obstacle,2
0,-1.01,2,1,1.0,,0.0020068329758942127,Failure-Memory Diffusion,obstacle,2
1,0.92,9,0,0.5,0.0,0.0019923148211091757,Failure-Memory Diffusion,obstacle,2
0,-1.0,1,1,0.0,,1.7920974642038345e-06,Random Policy,deceptive,2
0,-1.0,1,1,0.0,,1.416075974702835e-06,Random Policy,deceptive,2
0,-1.02,3,1,0.0,,1.0003180553515751e-06,Random Policy,deceptive,2
0,-1.01,2,1,0.0,,1.0210787877440453e-06,Random Policy,deceptive,2
0,-1.0,1,1,0.0,,1.0419171303510666e-06,Random Policy,deceptive,2
0,-1.01,2,1,0.0,,9.168870747089386e-07,Random Policy,deceptive,2
0,-1.0,1,1,0.0,,1.0421499609947205e-06,Random Policy,deceptive,2
0,-1.01,2,1,0.0,,9.37609001994133e-07,Random Policy,deceptive,2
0,-1.0,1,1,0.0,,1.0828953236341476e-06,Random Policy,deceptive,2
0,-1.01,2,1,0.0,,8.544884622097015e-07,Random Policy,deceptive,2
1,0.88,13,0,0.0,0.0,1.4750716777948233e-07,Value Iteration,deceptive,2
1,0.88,13,0,0.0,0.0,1.0891101108147548e-07,Value Iteration,deceptive,2
1,0.88,13,0,0.0,0.0,1.249942355431043e-07,Value Iteration,deceptive,2
1,0.88,13,0,0.0,0.0,1.216629663339028e-07,Value Iteration,deceptive,2
1,0.88,13,0,0.0,0.0,1.121885501421415e-07,Value Iteration,deceptive,2
1,0.88,13,0,0.0,0.0,1.0575884236739232e-07,Value Iteration,deceptive,2
1,0.88,13,0,0.0,0.0,1.0889310103196364e-07,Value Iteration,deceptive,2
1,0.88,13,0,0.0,0.0,1.0280368419793936e-07,Value Iteration,deceptive,2
1,0.88,13,0,0.0,0.0,1.0235593296014346e-07,Value Iteration,deceptive,2
1,0.88,13,0,0.0,0.0,1.0885728093293997e-07,Value Iteration,deceptive,2
1,0.88,13,0,0.0,0.0,1.506235163945418e-07,Policy Iteration,deceptive,2
1,0.88,13,0,0.0,0.0,1.2168087638341464e-07,Policy Iteration,deceptive,2
1,0.88,13,0,0.0,0.0,1.5370404491057764e-07,Policy Iteration,deceptive,2
1,0.88,13,0,0.0,0.0,1.0574093231788048e-07,Policy Iteration,deceptive,2
1,0.88,13,0,0.0,0.0,1.1885108856054453e-07,Policy Iteration,deceptive,2
1,0.88,13,0,0.0,0.0,1.1851079761981964e-07,Policy Iteration,deceptive,2
1,0.88,13,0,0.0,0.0,1.0253503345526181e-07,Policy Iteration,deceptive,2
1,0.88,13,0,0.0,0.0,1.0898265127952283e-07,Policy Iteration,deceptive,2
1,0.88,13,0,0.0,0.0,1.0239175305916713e-07,Policy Iteration,deceptive,2
1,0.88,13,0,0.0,0.0,1.0586630266446333e-07,Policy Iteration,deceptive,2
0,-0.9900000000000002,50,0,0.0,,6.816117092967033e-07,Q-learning,deceptive,2
0,-0.9900000000000002,50,0,0.0,,6.216764450073242e-07,Q-learning,deceptive,2
0,-0.9900000000000002,50,0,0.0,,6.166379898786545e-07,Q-learning,deceptive,2
0,-0.9900000000000002,50,0,0.0,,6.149522960186004e-07,Q-learning,deceptive,2
0,-0.9900000000000002,50,0,0.0,,6.174389272928238e-07,Q-learning,deceptive,2
0,-0.9900000000000002,50,0,0.0,,6.15045428276062e-07,Q-learning,deceptive,2
0,-0.9900000000000002,50,0,0.0,,6.55055046081543e-07,Q-learning,deceptive,2
0,-0.9900000000000002,50,0,0.0,,6.190966814756393e-07,Q-learning,deceptive,2
0,-0.9900000000000002,50,0,0.0,,6.166193634271622e-07,Q-learning,deceptive,2
0,-0.9900000000000002,50,0,0.0,,6.174901500344276e-07,Q-learning,deceptive,2
1,0.7799999999999999,23,0,0.0,10.0,0.000653976503678638,MCTS,deceptive,2
1,0.7,31,0,0.0,18.0,0.0008937917469489959,MCTS,deceptive,2
1,0.7799999999999999,23,0,0.0,10.0,0.0007136957922383496,MCTS,deceptive,2
1,0.86,15,0,0.0,2.0,0.0006781832935909431,MCTS,deceptive,2
1,0.7799999999999999,23,0,0.0,10.0,0.0008808006937413112,MCTS,deceptive,2
1,0.7999999999999999,21,0,0.0,8.0,0.0007488611154258251,MCTS,deceptive,2
1,0.6199999999999999,39,0,0.0,26.0,0.0005565256548997683,MCTS,deceptive,2
0,-0.9900000000000002,50,0,0.0,,0.0010793591290712357,MCTS,deceptive,2
0,-0.9900000000000002,50,0,0.0,,0.000464020068757236,MCTS,deceptive,2
1,0.7999999999999999,21,0,0.0,8.0,0.0007042698562145233,MCTS,deceptive,2
0,-1.03,4,1,0.0,,0.0017967605381272733,Standard Diffusion,deceptive,2
0,-1.03,4,1,0.0,,0.001831583445891738,Standard Diffusion,deceptive,2
0,-1.05,6,1,0.0,,0.001737659835877518,Standard Diffusion,deceptive,2
0,-1.03,4,1,0.0,,0.0017561149434186518,Standard Diffusion,deceptive,2
0,-1.05,6,1,0.0,,0.0017220626662795742,Standard Diffusion,deceptive,2
0,-1.03,4,1,0.0,,0.0017579376581124961,Standard Diffusion,deceptive,2
0,-1.03,4,1,0.0,,0.0017540837288834155,Standard Diffusion,deceptive,2
0,-1.03,4,1,0.0,,0.0017558852559886873,Standard Diffusion,deceptive,2
0,-1.03,4,1,0.0,,0.0017296875594183803,Standard Diffusion,deceptive,2
0,-1.03,4,1,0.0,,0.0017964374856092036,Standard Diffusion,deceptive,2
0,-1.03,4,1,0.0,,0.0019230414764024317,Failure-Memory Diffusion,deceptive,2
0,-1.04,5,1,0.6666666666666666,,0.0019990002270787953,Failure-Memory Diffusion,deceptive,2
0,-1.07,8,1,0.6666666666666666,,0.001985572773264721,Failure-Memory Diffusion,deceptive,2
0,-1.1,11,1,0.8333333333333334,,0.0019450413528829813,Failure-Memory Diffusion,deceptive,2
0,-1.33,34,1,0.6571428571428571,,0.002002556315239738,Failure-Memory Diffusion,deceptive,2
0,-1.09,10,1,1.0,,0.0019924751250073314,Failure-Memory Diffusion,deceptive,2
0,-1.03,4,1,1.0,,0.0019851248944178224,Failure-Memory Diffusion,deceptive,2
0,-1.06,7,1,1.0,,0.001963619275816849,Failure-Memory Diffusion,deceptive,2
0,-1.08,9,1,1.0,,0.001986138781325685,Failure-Memory Diffusion,deceptive,2
0,-1.13,14,1,1.0,,0.001956208293060107,Failure-Memory Diffusion,deceptive,2
0,-1.0,1,1,0.0,,1.9581057131290436e-06,Random Policy,random_small,2
0,-1.0,1,1,0.0,,1.4998950064182281e-06,Random Policy,random_small,2
0,-1.0,1,1,0.0,,1.2498348951339722e-06,Random Policy,random_small,2
0,-1.0,1,1,0.0,,1.250067725777626e-06,Random Policy,random_small,2
0,-1.0,1,1,0.0,,1.125037670135498e-06,Random Policy,random_small,2
0,-1.01,2,1,0.0,,1.0835938155651093e-06,Random Policy,random_small,2
0,-1.0,1,1,0.0,,1.209089532494545e-06,Random Policy,random_small,2
0,-1.02,3,1,0.0,,9.168094644943873e-07,Random Policy,random_small,2
0,-1.0,1,1,0.0,,1.1669471859931946e-06,Random Policy,random_small,2
0,-1.0,1,1,0.0,,1.00000761449337e-06,Random Policy,random_small,2
1,0.9299999999999999,8,0,0.0,0.0,2.1347659640014172e-07,Value Iteration,random_small,2
1,0.9299999999999999,8,0,0.0,0.0,1.25030055642128e-07,Value Iteration,random_small,2
1,0.9299999999999999,8,0,0.0,0.0,1.2508826330304146e-07,Value Iteration,random_small,2
1,0.9299999999999999,8,0,0.0,0.0,1.0934309102594852e-07,Value Iteration,random_small,2
1,0.9299999999999999,8,0,0.0,0.0,1.1964584700763226e-07,Value Iteration,random_small,2
1,0.9299999999999999,8,0,0.0,0.0,1.1979136615991592e-07,Value Iteration,random_small,2
1,0.9299999999999999,8,0,0.0,0.0,1.0422081686556339e-07,Value Iteration,random_small,2
1,0.9299999999999999,8,0,0.0,0.0,1.0925577953457832e-07,Value Iteration,random_small,2
1,0.9299999999999999,8,0,0.0,0.0,1.0422081686556339e-07,Value Iteration,random_small,2
1,0.9299999999999999,8,0,0.0,0.0,1.0427902452647686e-07,Value Iteration,random_small,2
1,0.9299999999999999,8,0,0.0,0.0,1.9802246242761612e-07,Policy Iteration,random_small,2
1,0.9299999999999999,8,0,0.0,0.0,1.1461088433861732e-07,Policy Iteration,random_small,2
1,0.9299999999999999,8,0,0.0,0.0,1.2500095181167126e-07,Policy Iteration,random_small,2
1,0.9299999999999999,8,0,0.0,0.0,1.197622623294592e-07,Policy Iteration,random_small,2
1,0.9299999999999999,8,0,0.0,0.0,1.0424992069602013e-07,Policy Iteration,random_small,2
1,0.9299999999999999,8,0,0.0,0.0,1.1478550732135773e-07,Policy Iteration,random_small,2
1,0.9299999999999999,8,0,0.0,0.0,1.4060060493648052e-07,Policy Iteration,random_small,2
1,0.9299999999999999,8,0,0.0,0.0,1.0390067473053932e-07,Policy Iteration,random_small,2
1,0.9299999999999999,8,0,0.0,0.0,1.1461088433861732e-07,Policy Iteration,random_small,2
1,0.9299999999999999,8,0,0.0,0.0,1.0940129868686199e-07,Policy Iteration,random_small,2
1,0.9299999999999999,8,0,0.0,0.0,9.586219675838947e-07,Q-learning,random_small,2
1,0.9299999999999999,8,0,0.0,0.0,8.231727406382561e-07,Q-learning,random_small,2
1,0.9299999999999999,8,0,0.0,0.0,1.0471558198332787e-06,Q-learning,random_small,2
1,0.9299999999999999,8,0,0.0,0.0,8.3356280811131e-07,Q-learning,random_small,2
1,0.9299999999999999,8,0,0.0,0.0,7.603957783430815e-07,Q-learning,random_small,2
1,0.9299999999999999,8,0,0.0,0.0,7.812050171196461e-07,Q-learning,random_small,2
1,0.9299999999999999,8,0,0.0,0.0,7.812341209501028e-07,Q-learning,random_small,2
1,0.9299999999999999,8,0,0.0,0.0,7.50063918530941e-07,Q-learning,random_small,2
1,0.9299999999999999,8,0,0.0,0.0,7.343769539147615e-07,Q-learning,random_small,2
1,0.9299999999999999,8,0,0.0,0.0,6.770133040845394e-07,Q-learning,random_small,2
0,-0.9900000000000002,50,0,0.0,,0.0005865416210144758,MCTS,random_small,2
0,-0.9900000000000002,50,0,0.0,,0.0005626975232735276,MCTS,random_small,2
0,-0.9900000000000002,50,0,0.0,,0.0005739591550081968,MCTS,random_small,2
0,-0.9900000000000002,50,0,0.0,,0.0005662692571058869,MCTS,random_small,2
1,0.7899999999999999,22,0,0.0,14.0,0.0005886988100511106,MCTS,random_small,2
0,-0.9900000000000002,50,0,0.0,,0.0006440308596938848,MCTS,random_small,2
1,0.73,28,0,0.0,20.0,0.0006131204510373729,MCTS,random_small,2
0,-0.9900000000000002,50,0,0.0,,0.0005786749999970198,MCTS,random_small,2
0,-0.9900000000000002,50,0,0.0,,0.0005723067466169595,MCTS,random_small,2
0,-0.9900000000000002,50,0,0.0,,0.000569494953379035,MCTS,random_small,2
1,0.9299999999999999,8,0,0.0,0.0,0.00184656772762537,Standard Diffusion,random_small,2
1,0.91,10,0,0.0,2.0,0.0018101582070812583,Standard Diffusion,random_small,2
1,0.9299999999999999,8,0,0.0,0.0,0.0017955883813556284,Standard Diffusion,random_small,2
1,0.91,10,0,0.0,2.0,0.0018299000337719917,Standard Diffusion,random_small,2
1,0.89,12,0,0.0,4.0,0.0017934584951338668,Standard Diffusion,random_small,2
1,0.91,10,0,0.0,2.0,0.0017968459753319622,Standard Diffusion,random_small,2
1,0.9299999999999999,8,0,0.0,0.0,0.0018004687153734267,Standard Diffusion,random_small,2
1,0.9299999999999999,8,0,0.0,0.0,0.0018177393649239093,Standard Diffusion,random_small,2
1,0.9299999999999999,8,0,0.0,0.0,0.0018140885804314166,Standard Diffusion,random_small,2
1,0.87,14,0,0.0,6.0,0.001815645888979946,Standard Diffusion,random_small,2
1,0.9299999999999999,8,0,0.0,0.0,0.0019922239589504898,Failure-Memory Diffusion,random_small,2
1,0.91,10,0,0.0,2.0,0.001996875135228038,Failure-Memory Diffusion,random_small,2
1,0.9299999999999999,8,0,0.0,0.0,0.001976552011910826,Failure-Memory Diffusion,random_small,2
1,0.91,10,0,0.0,2.0,0.00198859591037035,Failure-Memory Diffusion,random_small,2
1,0.89,12,0,0.0,4.0,0.0020091631837810078,Failure-Memory Diffusion,random_small,2
1,0.91,10,0,0.0,2.0,0.0019676834810525177,Failure-Memory Diffusion,random_small,2
1,0.9299999999999999,8,0,0.0,0.0,0.0020202082814648747,Failure-Memory Diffusion,random_small,2
1,0.9299999999999999,8,0,0.0,0.0,0.0020199845894239843,Failure-Memory Diffusion,random_small,2
1,0.9299999999999999,8,0,0.0,0.0,0.0019895107543561608,Failure-Memory Diffusion,random_small,2
1,0.87,14,0,0.0,6.0,0.0020246547147897737,Failure-Memory Diffusion,random_small,2
