success,total_return,path_length,collision,repeated_failure_rate,optimality_gap,inference_time_per_action,lambda_F,Map,Seed
1,0.92,9,0,0.0,4.0,0.0017784120152807897,0.0,easy,0
0,-1.0,1,1,0.0,,0.0017158749978989363,0.0,easy,0
1,0.94,7,0,0.125,2.0,0.0014349703144814288,0.0,easy,0
0,-1.04,5,1,0.16666666666666666,,0.0013783083762973548,0.0,easy,0
0,-1.0,1,1,1.0,,0.0014382919762283564,0.0,easy,0
1,0.94,7,0,0.25,2.0,0.001381975831463933,0.0,easy,0
0,-1.0,1,1,1.0,,0.0013096248731017113,0.0,easy,0
1,0.96,5,0,0.3333333333333333,0.0,0.0014406665693968534,0.0,easy,0
1,0.9,11,0,0.3333333333333333,6.0,0.0013498788784173403,0.0,easy,0
0,-1.01,2,1,0.3333333333333333,,0.0012877085246145725,0.0,easy,0
1,0.92,9,0,0.0,4.0,0.0014112456960396634,0.1,easy,0
0,-1.0,1,1,0.0,,0.0013729999773204327,0.1,easy,0
1,0.94,7,0,0.125,2.0,0.0013387202551322325,0.1,easy,0
0,-1.04,5,1,0.16666666666666666,,0.0013057999778538943,0.1,easy,0
0,-1.03,4,1,0.4,,0.0013906565145589411,0.1,easy,0
1,0.94,7,0,0.25,2.0,0.0013736668708068983,0.1,easy,0
0,-1.0,1,1,1.0,,0.0015274998731911182,0.1,easy,0
1,0.96,5,0,0.3333333333333333,0.0,0.0013977836817502976,0.1,easy,0
1,0.9,11,0,0.3333333333333333,6.0,0.0013658522670580583,0.1,easy,0
0,-1.01,2,1,1.0,,0.0013903749641031027,0.1,easy,0
1,0.92,9,0,0.0,4.0,0.0013111573902683125,0.5,easy,0
0,-1.0,1,1,0.0,,0.0014533749781548977,0.5,easy,0
1,0.94,7,0,0.125,2.0,0.0014325121550687722,0.5,easy,0
0,-1.04,5,1,0.16666666666666666,,0.0014360830187797546,0.5,easy,0
1,0.88,13,0,0.2857142857142857,8.0,0.0013874198238436992,0.5,easy,0
1,0.94,7,0,0.25,2.0,0.0013589820092810051,0.5,easy,0
0,-1.05,6,1,0.5714285714285714,,0.0014197776714960735,0.5,easy,0
1,0.94,7,0,0.5,2.0,0.0013981132235910212,0.5,easy,0
1,0.9,11,0,0.3333333333333333,6.0,0.0013726250564848835,0.5,easy,0
0,-1.01,2,1,1.0,,0.0013951243599876761,0.5,easy,0
1,0.92,9,0,0.0,4.0,0.001335166705151399,1.0,easy,0
0,-1.0,1,1,0.0,,0.0013814580161124468,1.0,easy,0
1,0.94,7,0,0.125,2.0,0.0014242140044059073,1.0,easy,0
0,-1.04,5,1,0.16666666666666666,,0.0014208579901605844,1.0,easy,0
0,-1.05,6,1,0.14285714285714285,,0.001365742995403707,1.0,easy,0
1,0.94,7,0,0.25,2.0,0.0014491250538932426,1.0,easy,0
0,-1.05,6,1,1.0,,0.0014235416892915964,1.0,easy,0
1,0.96,5,0,0.3333333333333333,0.0,0.0014307581819593906,1.0,easy,0
1,0.94,7,0,0.25,2.0,0.0013945118657180241,1.0,easy,0
1,0.92,9,0,0.4,4.0,0.0013655232162111336,1.0,easy,0
1,0.92,9,0,0.0,4.0,0.001321004315589865,2.0,easy,0
0,-1.0,1,1,0.0,,0.001343417214229703,2.0,easy,0
1,0.94,7,0,0.125,2.0,0.001383839108582054,2.0,easy,0
0,-1.04,5,1,0.16666666666666666,,0.0014275749679654836,2.0,easy,0
0,-1.05,6,1,0.14285714285714285,,0.0014262431456396978,2.0,easy,0
1,0.94,7,0,0.25,2.0,0.0013502203925911868,2.0,easy,0
1,0.94,7,0,0.5,2.0,0.001440356917945402,2.0,easy,0
1,0.94,7,0,0.5,2.0,0.0014060001953371934,2.0,easy,0
1,0.94,7,0,0.25,2.0,0.0013368215212332351,2.0,easy,0
1,0.92,9,0,0.4,4.0,0.001478472026064992,2.0,easy,0
1,0.92,9,0,0.0,4.0,0.00139062507595453,5.0,easy,0
0,-1.0,1,1,0.0,,0.00128520792350173,5.0,easy,0
0,-1.02,3,1,0.25,,0.0012954166159033775,5.0,easy,0
0,-1.04,5,1,0.3333333333333333,,0.001327416580170393,5.0,easy,0
0,-1.05,6,1,0.14285714285714285,,0.0014036874442050855,5.0,easy,0
1,0.94,7,0,0.375,2.0,0.0013790299583758628,5.0,easy,0
1,0.94,7,0,0.5,2.0,0.0014296189682292087,5.0,easy,0
1,0.94,7,0,0.625,2.0,0.001450393149363143,5.0,easy,0
1,0.94,7,0,0.375,2.0,0.001308535990704383,5.0,easy,0
1,0.92,9,0,0.4,4.0,0.0013508612755686045,5.0,easy,0
0,-1.01,2,1,0.0,,0.0013852919219061732,0.0,obstacle,0
0,-1.0,1,1,1.0,,0.0013911670539528131,0.0,obstacle,0
0,-1.02,3,1,0.5,,0.0013715416037787993,0.0,obstacle,0
0,-1.01,2,1,1.0,,0.0012757499935105443,0.0,obstacle,0
0,-1.0,1,1,1.0,,0.0013294159434735775,0.0,obstacle,0
0,-1.02,3,1,1.0,,0.0012870000209659338,0.0,obstacle,0
0,-1.02,3,1,1.0,,0.0014510555968930323,0.0,obstacle,0
0,-1.02,3,1,1.0,,0.0013244443107396364,0.0,obstacle,0
0,-1.02,3,1,1.0,,0.0012864306724319856,0.0,obstacle,0
0,-1.0,1,1,1.0,,0.0012980001047253609,0.0,obstacle,0
0,-1.01,2,1,0.0,,0.0013742289738729596,0.1,obstacle,0
0,-1.0,1,1,1.0,,0.0014789588749408722,0.1,obstacle,0
0,-1.02,3,1,0.5,,0.0014353195826212566,0.1,obstacle,0
0,-1.02,3,1,1.0,,0.0013943053781986237,0.1,obstacle,0
0,-1.0,1,1,1.0,,0.001345749944448471,0.1,obstacle,0
0,-1.02,3,1,1.0,,0.0013482080151637395,0.1,obstacle,0
0,-1.02,3,1,1.0,,0.0014309030181417863,0.1,obstacle,0
0,-1.02,3,1,1.0,,0.0014110692621519167,0.1,obstacle,0
0,-1.02,3,1,1.0,,0.001275638584047556,0.1,obstacle,0
0,-1.0,1,1,1.0,,0.0012844579759985209,0.1,obstacle,0
0,-1.01,2,1,0.0,,0.0013129374710842967,0.5,obstacle,0
0,-1.03,4,1,0.4,,0.001443385728634894,0.5,obstacle,0
0,-1.02,3,1,0.5,,0.0019627364041904607,0.5,obstacle,0
0,-1.02,3,1,1.0,,0.0015312220590809982,0.5,obstacle,0
0,-1.04,5,1,0.3333333333333333,,0.0013453500345349313,0.5,obstacle,0
0,-1.03,4,1,0.6,,0.0013933855225332081,0.5,obstacle,0
0,-1.02,3,1,1.0,,0.0018563333433121443,0.5,obstacle,0
0,-1.03,4,1,1.0,,0.00150945846689865,0.5,obstacle,0
0,-1.03,4,1,1.0,,0.001384333532769233,0.5,obstacle,0
0,-1.06,7,1,0.75,,0.0015088512030031,0.5,obstacle,0
0,-1.01,2,1,0.0,,0.0014450624585151672,1.0,obstacle,0
0,-1.01,2,1,0.3333333333333333,,0.0016188749577850103,1.0,obstacle,0
0,-1.02,3,1,0.5,,0.0013818885975827773,1.0,obstacle,0
0,-1.02,3,1,1.0,,0.0012930413552870352,1.0,obstacle,0
0,-1.0,1,1,1.0,,0.0012899159919470549,1.0,obstacle,0
0,-1.02,3,1,0.5,,0.0014077636878937483,1.0,obstacle,0
0,-1.02,3,1,1.0,,0.001590666671593984,1.0,obstacle,0
0,-1.03,4,1,0.6,,0.0014966769376769662,1.0,obstacle,0
0,-1.03,4,1,1.0,,0.0013430729741230607,1.0,obstacle,0
0,-1.01,2,1,1.0,,0.0020028534345328808,1.0,obstacle,0
0,-1.01,2,1,0.0,,0.0015689374413341284,2.0,obstacle,0
0,-1.01,2,1,0.3333333333333333,,0.0018363751005381346,2.0,obstacle,0
0,-1.02,3,1,0.5,,0.0023228056573619447,2.0,obstacle,0
0,-1.02,3,1,1.0,,0.002235069405287504,2.0,obstacle,0
0,-1.0,1,1,1.0,,0.004804875003173947,2.0,obstacle,0
0,-1.02,3,1,0.5,,0.002068069608261188,2.0,obstacle,0
0,-1.02,3,1,1.0,,0.0019389446824789047,2.0,obstacle,0
0,-1.03,4,1,0.6,,0.002305718488059938,2.0,obstacle,0
0,-1.04,5,1,0.6666666666666666,,0.0016373833641409874,2.0,obstacle,0
0,-1.01,2,1,1.0,,0.0016659164102748036,2.0,obstacle,0
0,-1.01,2,1,0.0,,0.0015552289551123977,5.0,obstacle,0
0,-1.01,2,1,0.3333333333333333,,0.0017320211045444012,5.0,obstacle,0
0,-1.02,3,1,0.5,,0.0016815833126505215,5.0,obstacle,0
0,-1.02,3,1,1.0,,0.00198459733898441,5.0,obstacle,0
0,-1.0,1,1,1.0,,0.001396707957610488,5.0,obstacle,0
0,-1.02,3,1,0.5,,0.0030197917173306146,5.0,obstacle,0
0,-1.02,3,1,1.0,,0.001639930298551917,5.0,obstacle,0
0,-1.03,4,1,0.6,,0.0028151560691185296,5.0,obstacle,0
0,-1.04,5,1,0.6666666666666666,,0.008474008459597827,5.0,obstacle,0
0,-1.01,2,1,1.0,,0.003542124992236495,5.0,obstacle,0
0,-1.03,4,1,0.0,,0.0020494272466748953,0.0,deceptive,0
0,-1.0,1,1,1.0,,0.0014753751456737518,0.0,deceptive,0
0,-1.03,4,1,1.0,,0.0024611877161078155,0.0,deceptive,0
0,-1.03,4,1,1.0,,0.0021174894645810127,0.0,deceptive,0
0,-1.0,1,1,1.0,,0.0016119580250233412,0.0,deceptive,0
0,-1.03,4,1,1.0,,0.0027548022917471826,0.0,deceptive,0
0,-1.03,4,1,1.0,,0.0019424789934419096,0.0,deceptive,0
0,-1.03,4,1,1.0,,0.001713739533443004,0.0,deceptive,0
0,-1.03,4,1,1.0,,0.0016971039585769176,0.0,deceptive,0
0,-1.0,1,1,1.0,,0.0014187500346451998,0.0,deceptive,0
0,-1.03,4,1,0.0,,0.008401906001381576,0.1,deceptive,0
0,-1.0,1,1,1.0,,0.008969624992460012,0.1,deceptive,0
0,-1.03,4,1,1.0,,0.007069385435897857,0.1,deceptive,0
0,-1.07,8,1,0.7777777777777778,,0.0018424947920721024,0.1,deceptive,0
0,-1.0,1,1,1.0,,0.0014457078650593758,0.1,deceptive,0
0,-1.03,4,1,1.0,,0.002206958888564259,0.1,deceptive,0
0,-1.03,4,1,1.0,,0.003315114532597363,0.1,deceptive,0
0,-1.03,4,1,1.0,,0.0017005937406793237,0.1,deceptive,0
0,-1.03,4,1,1.0,,0.001560676726512611,0.1,deceptive,0
0,-1.0,1,1,1.0,,0.001858915900811553,0.1,deceptive,0
0,-1.03,4,1,0.0,,0.0018559372401796281,0.5,deceptive,0
0,-1.01,2,1,0.3333333333333333,,0.0013648330932483077,0.5,deceptive,0
0,-1.05,6,1,0.2857142857142857,,0.0018772709105784695,0.5,deceptive,0
0,-1.04,5,1,0.6666666666666666,,0.0014071082230657339,0.5,deceptive,0
0,-1.0,1,1,1.0,,0.0016285418532788754,0.5,deceptive,0
0,-1.03,4,1,1.0,,0.0014162707375362515,0.5,deceptive,0
0,-1.02,3,1,1.0,,0.001399055744210879,0.5,deceptive,0
0,-1.04,5,1,1.0,,0.0014682000037282705,0.5,deceptive,0
0,-1.03,4,1,1.0,,0.0014440310187637806,0.5,deceptive,0
0,-1.06,7,1,1.0,,0.0013626370845096453,0.5,deceptive,0
0,-1.03,4,1,0.0,,0.0014560834970325232,1.0,deceptive,0
0,-1.01,2,1,0.3333333333333333,,0.0013073335867375135,1.0,deceptive,0
0,-1.05,6,1,0.2857142857142857,,0.0012927086402972539,1.0,deceptive,0
0,-1.04,5,1,0.6666666666666666,,0.001361900009214878,1.0,deceptive,0
0,-1.03,4,1,1.0,,0.0012777293450199068,1.0,deceptive,0
0,-1.02,3,1,1.0,,0.0013051530501494806,1.0,deceptive,0
0,-1.04,5,1,1.0,,0.0013049584813416004,1.0,deceptive,0
0,-1.03,4,1,1.0,,0.001291916472837329,1.0,deceptive,0
0,-1.05,6,1,1.0,,0.0013212708290666342,1.0,deceptive,0
0,-1.01,2,1,1.0,,0.0013058539479970932,1.0,deceptive,0
0,-1.03,4,1,0.0,,0.0012620727065950632,2.0,deceptive,0
0,-1.01,2,1,0.3333333333333333,,0.0013697704998776317,2.0,deceptive,0
0,-1.05,6,1,0.2857142857142857,,0.0014098681664715211,2.0,deceptive,0
0,-1.04,5,1,0.6666666666666666,,0.0012899166904389858,2.0,deceptive,0
0,-1.03,4,1,0.6,,0.0013515102909877896,2.0,deceptive,0
0,-1.02,3,1,1.0,,0.0013482083256045978,2.0,deceptive,0
0,-1.04,5,1,1.0,,0.0012788331601768731,2.0,deceptive,0
0,-1.03,4,1,1.0,,0.0013326355256140232,2.0,deceptive,0
0,-1.05,6,1,1.0,,0.001343034867507716,2.0,deceptive,0
0,-1.01,2,1,1.0,,0.001260666991584003,2.0,deceptive,0
0,-1.03,4,1,0.0,,0.0013469373225234449,5.0,deceptive,0
0,-1.01,2,1,0.3333333333333333,,0.0013311664806678891,5.0,deceptive,0
0,-1.05,6,1,0.2857142857142857,,0.0013405691521863143,5.0,deceptive,0
0,-1.04,5,1,1.0,,0.0014009080827236176,5.0,deceptive,0
0,-1.03,4,1,0.6,,0.001281103992369026,5.0,deceptive,0
0,-1.01,2,1,1.0,,0.001250250032171607,5.0,deceptive,0
0,-1.04,5,1,0.6666666666666666,,0.0013566168490797281,5.0,deceptive,0
0,-1.01,2,1,1.0,,0.0013123124372214079,5.0,deceptive,0
0,-1.06,7,1,1.0,,0.0012997915702206747,5.0,deceptive,0
0,-1.06,7,1,1.0,,0.0013323690010500805,5.0,deceptive,0
0,-1.0,1,1,0.0,,0.0016278340481221676,0.0,random_small,0
0,-1.04,5,1,0.16666666666666666,,0.00138535862788558,0.0,random_small,0
0,-1.04,5,1,0.5,,0.0013718250207602977,0.0,random_small,0
0,-1.06,7,1,1.0,,0.0013420118817261287,0.0,random_small,0
0,-1.06,7,1,1.0,,0.0013281188439577818,0.0,random_small,0
0,-1.0,1,1,1.0,,0.0014211249072104692,0.0,random_small,0
0,-1.1199999999999999,13,1,0.42857142857142855,,0.001307272477648579,0.0,random_small,0
0,-1.04,5,1,0.6666666666666666,,0.0012507416307926179,0.0,random_small,0
0,-1.0,1,1,1.0,,0.0012378748506307602,0.0,random_small,0
1,0.9299999999999999,8,0,0.5555555555555556,0.0,0.0012483435857575387,0.0,random_small,0
0,-1.0,1,1,0.0,,0.0012559171300381422,0.1,random_small,0
0,-1.04,5,1,0.16666666666666666,,0.001249666977673769,0.1,random_small,0
1,0.9299999999999999,8,0,0.3333333333333333,0.0,0.0013530206924770027,0.1,random_small,0
0,-1.06,7,1,1.0,,0.0012736963440797158,0.1,random_small,0
0,-1.06,7,1,0.375,,0.0012574108384017433,0.1,random_small,0
0,-1.0,1,1,1.0,,0.001256417017430067,0.1,random_small,0
0,-1.13,14,1,0.26666666666666666,,0.0012567738636529871,0.1,random_small,0
0,-1.04,5,1,0.6666666666666666,,0.0012692417949438095,0.1,random_small,0
0,-1.0,1,1,1.0,,0.001257625175639987,0.1,random_small,0
1,0.9299999999999999,8,0,0.5555555555555556,0.0,0.0012578750611282885,0.1,random_small,0
0,-1.0,1,1,0.0,,0.001281999982893467,0.5,random_small,0
0,-1.04,5,1,0.16666666666666666,,0.0012625666335225106,0.5,random_small,0
1,0.9299999999999999,8,0,0.3333333333333333,0.0,0.0012610155390575528,0.5,random_small,0
1,0.7899999999999999,22,0,0.5217391304347826,14.0,0.001275323945182291,0.5,random_small,0
0,-1.06,7,1,0.375,,0.0013214286217199905,0.5,random_small,0
0,-1.0,1,1,1.0,,0.0013896250165998936,0.5,random_small,0
0,-1.13,14,1,0.26666666666666666,,0.001324657749916826,0.5,random_small,0
0,-1.04,5,1,0.6666666666666666,,0.001313799386844039,0.5,random_small,0
0,-1.0,1,1,1.0,,0.0013153329491615295,0.5,random_small,0
1,0.9299999999999999,8,0,0.5555555555555556,0.0,0.0013164426200091839,0.5,random_small,0
0,-1.0,1,1,0.0,,0.0013191248290240765,1.0,random_small,0
0,-1.04,5,1,0.16666666666666666,,0.0013133834581822157,1.0,random_small,0
1,0.9299999999999999,8,0,0.3333333333333333,0.0,0.0012989268579985946,1.0,random_small,0
0,-1.08,9,1,0.5,,0.0012874628882855177,1.0,random_small,0
0,-1.09,10,1,0.5454545454545454,,0.0012820210075005889,1.0,random_small,0
0,-1.0,1,1,1.0,,0.0012751671019941568,1.0,random_small,0
0,-1.13,14,1,0.6666666666666666,,0.001279470361103969,1.0,random_small,0
0,-1.04,5,1,0.6666666666666666,,0.0012806750833988189,1.0,random_small,0
0,-1.0,1,1,1.0,,0.0012762921396642923,1.0,random_small,0
0,-1.06,7,1,0.75,,0.0012868870981037617,1.0,random_small,0
0,-1.0,1,1,0.0,,0.0012895420659333467,2.0,random_small,0
0,-1.04,5,1,0.16666666666666666,,0.001281433366239071,2.0,random_small,0
1,0.9299999999999999,8,0,0.3333333333333333,0.0,0.001281124830711633,2.0,random_small,0
0,-1.08,9,1,0.5,,0.0012828055769205093,2.0,random_small,0
0,-1.09,10,1,0.5454545454545454,,0.0012820458272472025,2.0,random_small,0
0,-1.0,1,1,1.0,,0.0012772080954164267,2.0,random_small,0
0,-1.13,14,1,0.6666666666666666,,0.001286678698046931,2.0,random_small,0
0,-1.05,6,1,0.5714285714285714,,0.001282374607399106,2.0,random_small,0
0,-1.0,1,1,1.0,,0.0012801659759134054,2.0,random_small,0
0,-1.06,7,1,0.75,,0.0012831010722688266,2.0,random_small,0
0,-1.0,1,1,0.0,,0.0012882088776677847,5.0,random_small,0
0,-1.04,5,1,0.16666666666666666,,0.0013380670454353095,5.0,random_small,0
1,0.9299999999999999,8,0,0.3333333333333333,0.0,0.0013610153982881457,5.0,random_small,0
1,0.91,10,0,0.18181818181818182,2.0,0.0012777499854564668,5.0,random_small,0
0,-1.06,7,1,0.375,,0.0012568688419248378,5.0,random_small,0
0,-1.0,1,1,1.0,,0.0012622501235455275,5.0,random_small,0
0,-1.13,14,1,0.26666666666666666,,0.0012593275501525828,5.0,random_small,0
0,-1.05,6,1,0.5714285714285714,,0.0012797221230963867,5.0,random_small,0
0,-1.0,1,1,1.0,,0.001264458056539297,5.0,random_small,0
1,0.9299999999999999,8,0,0.5555555555555556,0.0,0.0012593435822054744,5.0,random_small,0
0,-1.05,6,1,0.0,,0.0012703469255939126,0.0,easy,1
1,0.96,5,0,0.5,0.0,0.0012563500553369523,0.0,easy,1
0,-1.0,1,1,1.0,,0.0012677919585257769,0.0,easy,1
0,-1.0,1,1,1.0,,0.0012659169733524323,0.0,easy,1
1,0.9,11,0,0.4166666666666667,6.0,0.0012800074605779214,0.0,easy,1
0,-1.01,2,1,1.0,,0.0013782705646008253,0.0,easy,1
1,0.92,9,0,0.3,4.0,0.0013714351484345065,0.0,easy,1
0,-1.0,1,1,1.0,,0.0014489172026515007,0.0,easy,1
1,0.96,5,0,0.5,0.0,0.0013250502292066813,0.0,easy,1
0,-1.0,1,1,1.0,,0.0014375001192092896,0.0,easy,1
0,-1.05,6,1,0.0,,0.0013009791340058048,0.1,easy,1
1,0.96,5,0,0.5,0.0,0.0012724998407065869,0.1,easy,1
0,-1.0,1,1,1.0,,0.0012761671096086502,0.1,easy,1
0,-1.0,1,1,1.0,,0.001280458178371191,0.1,easy,1
1,0.94,7,0,0.375,2.0,0.0013693331607750484,0.1,easy,1
0,-1.01,2,1,1.0,,0.001258688047528267,0.1,easy,1
1,0.92,9,0,0.3,4.0,0.0012530138612621361,0.1,easy,1
1,0.94,7,0,0.375,2.0,0.0012540060228535108,0.1,easy,1
1,0.96,5,0,0.5,0.0,0.0013611167669296265,0.1,easy,1
0,-1.0,1,1,1.0,,0.0013871248811483383,0.1,easy,1
0,-1.05,6,1,0.0,,0.0012753126599515479,0.5,easy,1
0,-1.0,1,1,1.0,,0.0012760830577462912,0.5,easy,1
1,0.72,29,0,0.5333333333333333,24.0,0.0013820531954667691,0.5,easy,1
0,-1.01,2,1,0.3333333333333333,,0.0013111665612086654,0.5,easy,1
1,0.94,7,0,0.5,2.0,0.001381583179214171,0.5,easy,1
1,0.9,11,0,0.6666666666666666,6.0,0.0013502993282269347,0.5,easy,1
1,0.92,9,0,0.3,4.0,0.0012756575726800496,0.5,easy,1
1,0.94,7,0,0.5,2.0,0.0014248631695019348,0.5,easy,1
1,0.96,5,0,0.5,0.0,0.0012745748274028302,0.5,easy,1
0,-1.09,10,1,0.6363636363636364,,0.0014079084619879722,0.5,easy,1
0,-1.05,6,1,0.0,,0.0014108055814479787,1.0,easy,1
0,-1.0,1,1,1.0,,0.0012838749680668116,1.0,easy,1
0,-1.01,2,1,0.3333333333333333,,0.00128520792350173,1.0,easy,1
1,0.88,13,0,0.5,8.0,0.0013169997837394476,1.0,easy,1
1,0.94,7,0,0.5,2.0,0.0012929702643305063,1.0,easy,1
0,-1.02,3,1,0.5,,0.0012888747733086348,1.0,easy,1
1,0.92,9,0,0.3,4.0,0.0012889118968612617,1.0,easy,1
1,0.94,7,0,0.5,2.0,0.001302845243896757,1.0,easy,1
1,0.96,5,0,0.5,0.0,0.0012893584556877614,1.0,easy,1
0,-1.13,14,1,0.4666666666666667,,0.0013846309323396002,1.0,easy,1
0,-1.05,6,1,0.0,,0.0013018679649879534,2.0,easy,1
0,-1.0,1,1,1.0,,0.0012751249596476555,2.0,easy,1
0,-1.01,2,1,0.3333333333333333,,0.0012642290676012635,2.0,easy,1
0,-1.03,4,1,0.6,,0.0012611561687663198,2.0,easy,1
1,0.94,7,0,0.5,2.0,0.0012532678499285663,2.0,easy,1
0,-1.02,3,1,0.5,,0.0013440833427011967,2.0,easy,1
1,0.92,9,0,0.4,4.0,0.0012366760056465864,2.0,easy,1
1,0.94,7,0,0.5,2.0,0.0012357975688896009,2.0,easy,1
1,0.92,9,0,0.6,4.0,0.0012414768700384432,2.0,easy,1
0,-1.13,14,1,0.4666666666666667,,0.0012296370031046016,2.0,easy,1
0,-1.05,6,1,0.0,,0.001358687838849922,5.0,easy,1
0,-1.0,1,1,1.0,,0.0012764579150825739,5.0,easy,1
0,-1.01,2,1,0.3333333333333333,,0.0012717919889837503,5.0,easy,1
0,-1.07,8,1,0.6666666666666666,,0.001268754858756438,5.0,easy,1
1,0.94,7,0,0.5,2.0,0.001262613239565066,5.0,easy,1
0,-1.02,3,1,0.5,,0.001258458321293195,5.0,easy,1
1,0.92,9,0,0.3,4.0,0.001268749772053626,5.0,easy,1
1,0.94,7,0,0.5,2.0,0.001327785530260631,5.0,easy,1
1,0.96,5,0,0.5,0.0,0.0013671081978827715,5.0,easy,1
0,-1.1,11,1,0.5833333333333334,,0.0012704318135299466,5.0,easy,1
0,-1.02,3,1,0.0,,0.0013502920046448708,0.0,obstacle,1
0,-1.02,3,1,1.0,,0.001244569740568598,0.0,obstacle,1
0,-1.02,3,1,1.0,,0.0012408333520094554,0.0,obstacle,1
0,-1.0,1,1,1.0,,0.001247999956831336,0.0,obstacle,1
0,-1.02,3,1,1.0,,0.0013705836609005928,0.0,obstacle,1
0,-1.01,2,1,1.0,,0.0013214170467108488,0.0,obstacle,1
0,-1.02,3,1,1.0,,0.001247069410358866,0.0,obstacle,1
0,-1.02,3,1,1.0,,0.0012414719288547833,0.0,obstacle,1
0,-1.02,3,1,1.0,,0.001241917023435235,0.0,obstacle,1
0,-1.0,1,1,1.0,,0.0012498749420046806,0.0,obstacle,1
0,-1.02,3,1,0.0,,0.0012413610238581896,0.1,obstacle,1
0,-1.02,3,1,1.0,,0.001248722430318594,0.1,obstacle,1
0,-1.02,3,1,1.0,,0.0012442079993585746,0.1,obstacle,1
0,-1.0,1,1,1.0,,0.0012518749572336674,0.1,obstacle,1
0,-1.04,5,1,0.8333333333333334,,0.0012455666437745094,0.1,obstacle,1
0,-1.01,2,1,1.0,,0.0012617289321497083,0.1,obstacle,1
0,-1.02,3,1,1.0,,0.0012519443407654762,0.1,obstacle,1
0,-1.02,3,1,1.0,,0.0012377780706932147,0.1,obstacle,1
0,-1.02,3,1,1.0,,0.001246513721222679,0.1,obstacle,1
0,-1.0,1,1,1.0,,0.0012589578982442617,0.1,obstacle,1
0,-1.02,3,1,0.0,,0.0012412220239639282,0.5,obstacle,1
0,-1.01,2,1,1.0,,0.0012486045015975833,0.5,obstacle,1
0,-1.01,2,1,0.3333333333333333,,0.0012481460580602288,0.5,obstacle,1
0,-1.03,4,1,1.0,,0.0012452919618226588,0.5,obstacle,1
0,-1.03,4,1,0.6,,0.001242510334122926,0.5,obstacle,1
0,-1.02,3,1,1.0,,0.001238361078624924,0.5,obstacle,1
0,-1.02,3,1,1.0,,0.001244014051432411,0.5,obstacle,1
0,-1.05,6,1,0.5714285714285714,,0.0012425973157708843,0.5,obstacle,1
0,-1.02,3,1,0.5,,0.0012385415999839704,0.5,obstacle,1
0,-1.01,2,1,1.0,,0.0012640624772757292,0.5,obstacle,1
0,-1.02,3,1,0.0,,0.001238402600089709,1.0,obstacle,1
0,-1.03,4,1,0.6,,0.001244031242094934,1.0,obstacle,1
0,-1.01,2,1,0.3333333333333333,,0.0012471460504457355,1.0,obstacle,1
0,-1.01,2,1,1.0,,0.0012450000504031777,1.0,obstacle,1
0,-1.02,3,1,0.5,,0.0012448746711015701,1.0,obstacle,1
0,-1.04,5,1,0.5,,0.0012468749657273293,1.0,obstacle,1
0,-1.02,3,1,1.0,,0.001245653023943305,1.0,obstacle,1
0,-1.05,6,1,0.5714285714285714,,0.0012692429979021351,1.0,obstacle,1
1,0.9,11,0,0.6666666666666666,2.0,0.0013525870586322112,1.0,obstacle,1
0,-1.01,2,1,1.0,,0.0013308130437508225,1.0,obstacle,1
0,-1.02,3,1,0.0,,0.001279722045486172,2.0,obstacle,1
0,-1.03,4,1,0.6,,0.0012754995259456336,2.0,obstacle,1
0,-1.05,6,1,0.7142857142857143,,0.0012496112224956353,2.0,obstacle,1
1,0.9,11,0,0.3333333333333333,2.0,0.0012422992043535817,2.0,obstacle,1
0,-1.03,4,1,1.0,,0.0012416770332492888,2.0,obstacle,1
0,-1.04,5,1,0.3333333333333333,,0.001240425230935216,2.0,obstacle,1
0,-1.02,3,1,1.0,,0.0012442920512209337,2.0,obstacle,1
0,-1.01,2,1,1.0,,0.0012553960550576448,2.0,obstacle,1
0,-1.02,3,1,1.0,,0.0012583330584069092,2.0,obstacle,1
0,-1.03,4,1,1.0,,0.0012496562558226287,2.0,obstacle,1
0,-1.02,3,1,0.0,,0.0012310972282042105,5.0,obstacle,1
0,-1.03,4,1,0.6,,0.001238322991412133,5.0,obstacle,1
0,-1.01,2,1,1.0,,0.0012578124878928065,5.0,obstacle,1
0,-1.03,4,1,0.6,,0.0012466454645618796,5.0,obstacle,1
0,-1.03,4,1,1.0,,0.0013548230053856969,5.0,obstacle,1
0,-1.04,5,1,0.3333333333333333,,0.0013212997931987048,5.0,obstacle,1
0,-1.02,3,1,1.0,,0.0012840417524178822,5.0,obstacle,1
0,-1.01,2,1,1.0,,0.0012800421100109816,5.0,obstacle,1
0,-1.02,3,1,1.0,,0.001277430293460687,5.0,obstacle,1
0,-1.03,4,1,1.0,,0.0012787707964889705,5.0,obstacle,1
0,-1.03,4,1,0.0,,0.0013330726651474833,0.0,deceptive,1
0,-1.03,4,1,1.0,,0.0013803435140289366,0.0,deceptive,1
0,-1.03,4,1,1.0,,0.0013084269594401121,0.0,deceptive,1
0,-1.0,1,1,1.0,,0.0014237500727176666,0.0,deceptive,1
0,-1.03,4,1,1.0,,0.0013526355614885688,0.0,deceptive,1
0,-1.02,3,1,1.0,,0.0013336946722120047,0.0,deceptive,1
0,-1.03,4,1,1.0,,0.0012650935095734894,0.0,deceptive,1
0,-1.03,4,1,1.0,,0.0012781560653820634,0.0,deceptive,1
0,-1.02,3,1,1.0,,0.0013177919511993725,0.0,deceptive,1
0,-1.0,1,1,1.0,,0.0014232920948415995,0.0,deceptive,1
0,-1.03,4,1,0.0,,0.0013394165434874594,0.1,deceptive,1
0,-1.03,4,1,1.0,,0.0012475517578423023,0.1,deceptive,1
0,-1.03,4,1,1.0,,0.0013227190356701612,0.1,deceptive,1
0,-1.0,1,1,1.0,,0.0012707498390227556,0.1,deceptive,1
0,-1.03,4,1,1.0,,0.001245812396518886,0.1,deceptive,1
0,-1.02,3,1,1.0,,0.0012431528108815353,0.1,deceptive,1
0,-1.03,4,1,1.0,,0.0013786249328404665,0.1,deceptive,1
0,-1.05,6,1,0.8571428571428571,,0.0013226390195389588,0.1,deceptive,1
0,-1.02,3,1,1.0,,0.0012619025850047667,0.1,deceptive,1
0,-1.0,1,1,1.0,,0.0012577080633491278,0.1,deceptive,1
0,-1.03,4,1,0.0,,0.0014386559487320483,0.5,deceptive,1
0,-1.02,3,1,1.0,,0.001272833440452814,0.5,deceptive,1
0,-1.01,2,1,0.3333333333333333,,0.0012608126271516085,0.5,deceptive,1
0,-1.03,4,1,1.0,,0.0012639580527320504,0.5,deceptive,1
0,-1.03,4,1,1.0,,0.0014911250327713788,0.5,deceptive,1
0,-1.02,3,1,1.0,,0.0012565416594346364,0.5,deceptive,1
0,-1.03,4,1,1.0,,0.001399031258188188,0.5,deceptive,1
0,-1.04,5,1,0.6666666666666666,,0.0013150250539183616,0.5,deceptive,1
0,-1.02,3,1,1.0,,0.0012392223191757996,0.5,deceptive,1
0,-1.02,3,1,1.0,,0.0012570829906811316,0.5,deceptive,1
0,-1.03,4,1,0.0,,0.0014095313381403685,1.0,deceptive,1
0,-1.02,3,1,1.0,,0.0013014997045199077,1.0,deceptive,1
0,-1.01,2,1,0.3333333333333333,,0.0013043956132605672,1.0,deceptive,1
0,-1.04,5,1,0.6666666666666666,,0.001341774733737111,1.0,deceptive,1
0,-1.03,4,1,1.0,,0.0012981561594642699,1.0,deceptive,1
0,-1.02,3,1,0.5,,0.0012652912798027198,1.0,deceptive,1
0,-1.01,2,1,1.0,,0.0013564163818955421,1.0,deceptive,1
0,-1.04,5,1,1.0,,0.0014759670477360487,1.0,deceptive,1
0,-1.03,4,1,0.6,,0.0012594585423357785,1.0,deceptive,1
0,-1.02,3,1,1.0,,0.001272916638602813,1.0,deceptive,1
0,-1.03,4,1,0.0,,0.001354604260995984,2.0,deceptive,1
0,-1.03,4,1,0.6,,0.0012454582611098886,2.0,deceptive,1
0,-1.04,5,1,1.0,,0.0013341414276510477,2.0,deceptive,1
0,-1.04,5,1,0.6666666666666666,,0.0013258332386612893,2.0,deceptive,1
0,-1.03,4,1,1.0,,0.001251468958798796,2.0,deceptive,1
0,-1.02,3,1,0.5,,0.0012584864161908627,2.0,deceptive,1
0,-1.05,6,1,0.7142857142857143,,0.0013181108127658565,2.0,deceptive,1
0,-1.04,5,1,1.0,,0.0012420170474797486,2.0,deceptive,1
0,-1.03,4,1,0.6,,0.0012863961164839566,2.0,deceptive,1
0,-1.07,8,1,0.7777777777777778,,0.0012433906376827508,2.0,deceptive,1
0,-1.03,4,1,0.0,,0.0013621877878904343,5.0,deceptive,1
0,-1.03,4,1,0.6,,0.0014002189855091274,5.0,deceptive,1
0,-1.04,5,1,1.0,,0.0013002334162592888,5.0,deceptive,1
0,-1.04,5,1,0.6666666666666666,,0.0013802665751427412,5.0,deceptive,1
0,-1.05,6,1,0.2857142857142857,,0.0012496041599661112,5.0,deceptive,1
0,-1.03,4,1,0.6,,0.001259531534742564,5.0,deceptive,1
0,-1.04,5,1,1.0,,0.0012430834118276834,5.0,deceptive,1
0,-1.03,4,1,1.0,,0.0012397607206366956,5.0,deceptive,1
0,-1.02,3,1,1.0,,0.0013977917066464822,5.0,deceptive,1
0,-1.1,11,1,1.0,,0.0012502158483998342,5.0,deceptive,1
0,-1.0,1,1,0.0,,0.0013397498987615108,0.0,random_small,1
0,-1.0,1,1,1.0,,0.001261542085558176,0.0,random_small,1
0,-1.1,11,1,0.08333333333333333,,0.0013123748993331735,0.0,random_small,1
0,-1.04,5,1,0.5,,0.0012752752285450698,0.0,random_small,1
1,0.8099999999999999,20,0,0.5714285714285714,12.0,0.0012699102400802076,0.0,random_small,1
1,0.91,10,0,0.5454545454545454,2.0,0.0012663498986512423,0.0,random_small,1
0,-1.0,1,1,1.0,,0.001264624996110797,0.0,random_small,1
0,-1.0,1,1,1.0,,0.0012634580489248037,0.0,random_small,1
0,-1.13,14,1,0.6666666666666666,,0.0012706131840656912,0.0,random_small,1
1,0.91,10,0,0.8181818181818182,2.0,0.0012680874206125736,0.0,random_small,1
0,-1.0,1,1,0.0,,0.0012784588616341352,0.1,random_small,1
0,-1.0,1,1,1.0,,0.001287250081077218,0.1,random_small,1
0,-1.1,11,1,0.08333333333333333,,0.0012658105485818603,0.1,random_small,1
0,-1.04,5,1,0.5,,0.001259308448061347,0.1,random_small,1
1,0.8099999999999999,20,0,0.5714285714285714,12.0,0.0012621334055438638,0.1,random_small,1
1,0.91,10,0,0.5454545454545454,2.0,0.0012596209766343237,0.1,random_small,1
0,-1.0,1,1,1.0,,0.0012629160191863775,0.1,random_small,1
0,-1.0,1,1,1.0,,0.0012977500446140766,0.1,random_small,1
0,-1.13,14,1,0.6666666666666666,,0.0013201607590807335,0.1,random_small,1
1,0.91,10,0,0.8181818181818182,2.0,0.0012636249419301748,0.1,random_small,1
0,-1.0,1,1,0.0,,0.0012786670122295618,0.5,random_small,1
0,-1.0,1,1,1.0,,0.0012758749071508646,0.5,random_small,1
0,-1.1,11,1,0.08333333333333333,,0.0012513332238251512,0.5,random_small,1
0,-1.04,5,1,0.5,,0.0012480247765779494,0.5,random_small,1
1,0.8099999999999999,20,0,0.5714285714285714,12.0,0.0012548395548947155,0.5,random_small,1
1,0.91,10,0,0.5454545454545454,2.0,0.0012538377894088625,0.5,random_small,1
0,-1.0,1,1,1.0,,0.0012463750317692757,0.5,random_small,1
0,-1.06,7,1,0.75,,0.0012512798753700086,0.5,random_small,1
0,-1.13,14,1,0.6,,0.0012546042811923794,0.5,random_small,1
0,-1.07,8,1,1.0,,0.001252421789104119,0.5,random_small,1
0,-1.0,1,1,0.0,,0.0012601660564541817,1.0,random_small,1
0,-1.0,1,1,1.0,,0.0012461659498512745,1.0,random_small,1
0,-1.1,11,1,0.08333333333333333,,0.0012525114315477285,1.0,random_small,1
0,-1.04,5,1,0.5,,0.0012442998122423887,1.0,random_small,1
1,0.91,10,0,0.45454545454545453,2.0,0.0012522208970040082,1.0,random_small,1
1,0.91,10,0,0.5454545454545454,2.0,0.0012536084977909923,1.0,random_small,1
0,-1.0,1,1,1.0,,0.0012536670546978712,1.0,random_small,1
0,-1.06,7,1,0.75,,0.0012576366841260875,1.0,random_small,1
0,-1.13,14,1,0.6,,0.0012589344322415335,1.0,random_small,1
0,-1.07,8,1,1.0,,0.0012521617172751576,1.0,random_small,1
0,-1.0,1,1,0.0,,0.0012549168895930052,2.0,random_small,1
0,-1.0,1,1,1.0,,0.0012708751019090414,2.0,random_small,1
0,-1.1,11,1,0.08333333333333333,,0.0012514469933442094,2.0,random_small,1
0,-1.04,5,1,0.5,,0.0012511749751865863,2.0,random_small,1
1,0.87,14,0,0.4,6.0,0.0012515534347455417,2.0,random_small,1
1,0.91,10,0,0.5454545454545454,2.0,0.001252991775982082,2.0,random_small,1
0,-1.0,1,1,1.0,,0.0012550000101327896,2.0,random_small,1
0,-1.06,7,1,0.75,,0.0012547380423971585,2.0,random_small,1
0,-1.13,14,1,0.6,,0.0012549198997606123,2.0,random_small,1
1,0.91,10,0,0.8181818181818182,2.0,0.0012528955936431884,2.0,random_small,1
0,-1.0,1,1,0.0,,0.001253542024642229,5.0,random_small,1
0,-1.0,1,1,1.0,,0.0012479170691221952,5.0,random_small,1
0,-1.1,11,1,0.08333333333333333,,0.0012506969188424673,5.0,random_small,1
0,-1.04,5,1,0.5,,0.001250508613884449,5.0,random_small,1
1,0.89,12,0,0.38461538461538464,4.0,0.0012509791607347627,5.0,random_small,1
1,0.91,10,0,0.5454545454545454,2.0,0.0012555709341540932,5.0,random_small,1
0,-1.0,1,1,1.0,,0.0012534158304333687,5.0,random_small,1
0,-1.06,7,1,0.75,,0.001254999843825187,5.0,random_small,1
0,-1.04,5,1,0.6666666666666666,,0.0012513333931565285,5.0,random_small,1
1,0.91,10,0,0.7272727272727273,2.0,0.0012505709193646908,5.0,random_small,1
1,0.84,17,0,0.0,12.0,0.0012968530440155197,0.0,easy,2
1,0.88,13,0,0.0,8.0,0.0012309839949011803,0.0,easy,2
0,-1.03,4,1,0.0,,0.0012278329813852906,0.0,easy,2
0,-1.0,1,1,1.0,,0.001235542120411992,0.0,easy,2
0,-1.0,1,1,1.0,,0.001252083107829094,0.0,easy,2
0,-1.04,5,1,0.8333333333333334,,0.0012393918354064227,0.0,easy,2
0,-1.0,1,1,1.0,,0.0012387079186737537,0.0,easy,2
1,0.9,11,0,0.4166666666666667,6.0,0.0012444130102680488,0.0,easy,2
0,-1.02,3,1,1.0,,0.0012469167510668437,0.0,easy,2
0,-1.02,3,1,0.75,,0.001241194239507119,0.0,easy,2
1,0.84,17,0,0.0,12.0,0.0012366396703702561,0.1,easy,2
1,0.88,13,0,0.0,8.0,0.0012353910670544093,0.1,easy,2
0,-1.03,4,1,0.0,,0.0012291244929656386,0.1,easy,2
0,-1.0,1,1,1.0,,0.0012426250614225864,0.1,easy,2
0,-1.02,3,1,1.0,,0.0012453330370287101,0.1,easy,2
0,-1.04,5,1,0.8333333333333334,,0.0012431831564754248,0.1,easy,2
0,-1.0,1,1,1.0,,0.001237959135323763,0.1,easy,2
1,0.9,11,0,0.4166666666666667,6.0,0.0012412083927880633,0.1,easy,2
0,-1.02,3,1,1.0,,0.001244499736155073,0.1,easy,2
1,0.92,9,0,0.5,4.0,0.0012424166779965162,0.1,easy,2
1,0.84,17,0,0.0,12.0,0.0012372646836892648,0.5,easy,2
1,0.88,13,0,0.0,8.0,0.0012396248594786113,0.5,easy,2
0,-1.03,4,1,0.0,,0.0012392292846925557,0.5,easy,2
0,-1.0,1,1,1.0,,0.0012523748446255922,0.5,easy,2
1,0.92,9,0,0.3,4.0,0.0012545695580128166,0.5,easy,2
0,-1.04,5,1,0.8333333333333334,,0.001245891349390149,0.5,easy,2
1,0.9,11,0,0.3333333333333333,6.0,0.0012447386768392541,0.5,easy,2
1,0.9,11,0,0.4166666666666667,6.0,0.0012489661616696553,0.5,easy,2
1,0.92,9,0,0.4,4.0,0.0012475785333663225,0.5,easy,2
0,-1.08,9,1,0.3,,0.001246675926571091,0.5,easy,2
1,0.84,17,0,0.0,12.0,0.0012825196061064215,1.0,easy,2
1,0.88,13,0,0.0,8.0,0.0012401762203528332,1.0,easy,2
0,-1.03,4,1,0.0,,0.0012380416737869382,1.0,easy,2
0,-1.0,1,1,1.0,,0.0012489999644458294,1.0,easy,2
1,0.92,9,0,0.3,4.0,0.0012470046316997872,1.0,easy,2
0,-1.05,6,1,0.2857142857142857,,0.0012465763138607144,1.0,easy,2
1,0.9,11,0,0.5,6.0,0.0012427917893298647,1.0,easy,2
1,0.9,11,0,0.4166666666666667,6.0,0.0012481251138855112,1.0,easy,2
1,0.92,9,0,0.5,4.0,0.0012445046514686611,1.0,easy,2
0,-1.06,7,1,0.625,,0.0012533214009766067,1.0,easy,2
1,0.84,17,0,0.0,12.0,0.0012444436057087254,2.0,easy,2
1,0.88,13,0,0.0,8.0,0.0012341473036660599,2.0,easy,2
0,-1.03,4,1,0.0,,0.0012351770419627428,2.0,easy,2
0,-1.0,1,1,1.0,,0.0012547909282147884,2.0,easy,2
0,-1.03,4,1,0.6,,0.001246114494279027,2.0,easy,2
0,-1.04,5,1,0.3333333333333333,,0.0012458415701985359,2.0,easy,2
1,0.9,11,0,0.5,6.0,0.0012428332755172794,2.0,easy,2
1,0.9,11,0,0.5,6.0,0.0012427763590081172,2.0,easy,2
1,0.92,9,0,0.5,4.0,0.0012467499149756299,2.0,easy,2
0,-1.06,7,1,0.625,,0.0012483334035745689,2.0,easy,2
1,0.84,17,0,0.0,12.0,0.001239762463442543,5.0,easy,2
1,0.88,13,0,0.0,8.0,0.0012376698522040476,5.0,easy,2
0,-1.03,4,1,0.0,,0.0012368332245387137,5.0,easy,2
0,-1.0,1,1,1.0,,0.0012537920847535133,5.0,easy,2
0,-1.03,4,1,0.6,,0.001253614784218371,5.0,easy,2
0,-1.04,5,1,0.3333333333333333,,0.0012456413358449935,5.0,easy,2
1,0.9,11,0,0.5,6.0,0.0012433788188817825,5.0,easy,2
0,-1.07,8,1,0.4444444444444444,,0.0012454950192477554,5.0,easy,2
1,0.92,9,0,0.5,4.0,0.0012492637615650892,5.0,easy,2
1,0.86,15,0,0.375,10.0,0.0012464888549099365,5.0,easy,2
0,-1.01,2,1,0.0,,0.0014369376003742218,0.0,obstacle,2
0,-1.02,3,1,0.5,,0.001416152420764168,0.0,obstacle,2
0,-1.02,3,1,1.0,,0.0013474303608139355,0.0,obstacle,2
0,-1.0,1,1,1.0,,0.0012627909891307354,0.0,obstacle,2
0,-1.01,2,1,1.0,,0.0012692285235971212,0.0,obstacle,2
0,-1.0,1,1,1.0,,0.001267584040760994,0.0,obstacle,2
0,-1.0,1,1,1.0,,0.001261875033378601,0.0,obstacle,2
0,-1.02,3,1,1.0,,0.0012589306570589542,0.0,obstacle,2
0,-1.01,2,1,1.0,,0.0012698954669758677,0.0,obstacle,2
0,-1.04,5,1,0.8333333333333334,,0.001253958372399211,0.0,obstacle,2
0,-1.01,2,1,0.0,,0.0012625835370272398,0.1,obstacle,2
0,-1.02,3,1,0.5,,0.001260332918415467,0.1,obstacle,2
0,-1.02,3,1,1.0,,0.001269263681024313,0.1,obstacle,2
0,-1.0,1,1,1.0,,0.0012592498678714037,0.1,obstacle,2
0,-1.01,2,1,1.0,,0.0012659789063036442,0.1,obstacle,2
0,-1.02,3,1,0.75,,0.001264083432033658,0.1,obstacle,2
0,-1.0,1,1,1.0,,0.001267625018954277,0.1,obstacle,2
0,-1.02,3,1,1.0,,0.001263277605175972,0.1,obstacle,2
0,-1.01,2,1,1.0,,0.0012613959843292832,0.1,obstacle,2
0,-1.04,5,1,1.0,,0.0012596246786415577,0.1,obstacle,2
0,-1.01,2,1,0.0,,0.0012623125221580267,0.5,obstacle,2
0,-1.02,3,1,0.25,,0.0012570977366218965,0.5,obstacle,2
0,-1.02,3,1,0.5,,0.0012511806562542915,0.5,obstacle,2
0,-1.0,1,1,1.0,,0.0012580840848386288,0.5,obstacle,2
0,-1.01,2,1,1.0,,0.0012579580070450902,0.5,obstacle,2
0,-1.01,2,1,1.0,,0.0012597085442394018,0.5,obstacle,2
0,-1.01,2,1,1.0,,0.0012514999834820628,0.5,obstacle,2
0,-1.02,3,1,1.0,,0.0012483610771596432,0.5,obstacle,2
0,-1.07,8,1,0.7777777777777778,,0.0012507294013630599,0.5,obstacle,2
0,-1.04,5,1,1.0,,0.0012506915722042323,0.5,obstacle,2
0,-1.01,2,1,0.0,,0.0012487501371651888,1.0,obstacle,2
0,-1.01,2,1,0.3333333333333333,,0.0012611665297299623,1.0,obstacle,2
0,-1.02,3,1,0.5,,0.0012537220027297735,1.0,obstacle,2
0,-1.0,1,1,1.0,,0.0012572500854730606,1.0,obstacle,2
0,-1.01,2,1,1.0,,0.0012504999758675694,1.0,obstacle,2
0,-1.04,5,1,0.5,,0.001250591641291976,1.0,obstacle,2
0,-1.01,2,1,1.0,,0.0012472078669816256,1.0,obstacle,2
0,-1.02,3,1,0.5,,0.0013538890052586794,1.0,obstacle,2
0,-1.07,8,1,0.7777777777777778,,0.0012766249710693955,1.0,obstacle,2
0,-1.04,5,1,1.0,,0.0012691586278378963,1.0,obstacle,2
0,-1.01,2,1,0.0,,0.0012824374716728926,2.0,obstacle,2
0,-1.01,2,1,0.3333333333333333,,0.0012770624598488212,2.0,obstacle,2
0,-1.02,3,1,0.5,,0.0012685414403676987,2.0,obstacle,2
0,-1.0,1,1,1.0,,0.001271083950996399,2.0,obstacle,2
0,-1.01,2,1,1.0,,0.0012736456701532006,2.0,obstacle,2
0,-1.04,5,1,0.5,,0.0012713915668427945,2.0,obstacle,2
0,-1.03,4,1,1.0,,0.0012793022324331105,2.0,obstacle,2
0,-1.02,3,1,0.5,,0.0012734582802901666,2.0,obstacle,2
0,-1.06,7,1,1.0,,0.0012725833138184889,2.0,obstacle,2
0,-1.05,6,1,0.7142857142857143,,0.0012710485219334562,2.0,obstacle,2
0,-1.01,2,1,0.0,,0.0012772915652021766,5.0,obstacle,2
0,-1.01,2,1,0.3333333333333333,,0.0012829374754801393,5.0,obstacle,2
0,-1.02,3,1,0.5,,0.0012826943614830573,5.0,obstacle,2
0,-1.0,1,1,1.0,,0.0012742080725729465,5.0,obstacle,2
0,-1.03,4,1,1.0,,0.0012739477679133415,5.0,obstacle,2
0,-1.04,5,1,0.5,,0.0012703415472060443,5.0,obstacle,2
0,-1.02,3,1,0.5,,0.001277139022325476,5.0,obstacle,2
0,-1.03,4,1,0.6,,0.0012754792696796358,5.0,obstacle,2
0,-1.05,6,1,1.0,,0.0012720970359320443,5.0,obstacle,2
0,-1.06,7,1,0.75,,0.0012708035231168782,5.0,obstacle,2
0,-1.02,3,1,0.0,,0.001285528065636754,0.0,deceptive,2
0,-1.03,4,1,0.6,,0.001277780975215137,0.0,deceptive,2
0,-1.03,4,1,1.0,,0.0012757812510244548,0.0,deceptive,2
0,-1.0,1,1,1.0,,0.0012828330509364605,0.0,deceptive,2
0,-1.01,2,1,1.0,,0.0012797500239685178,0.0,deceptive,2
0,-1.02,3,1,1.0,,0.0012834166797498863,0.0,deceptive,2
0,-1.0,1,1,1.0,,0.0012987081427127123,0.0,deceptive,2
0,-1.03,4,1,1.0,,0.0012718227226287127,0.0,deceptive,2
0,-1.02,3,1,1.0,,0.0012772360350936651,0.0,deceptive,2
0,-1.05,6,1,0.8571428571428571,,0.0012703539493183296,0.0,deceptive,2
0,-1.02,3,1,0.0,,0.0012810553889721632,0.1,deceptive,2
0,-1.03,4,1,0.6,,0.001274854235816747,0.1,deceptive,2
0,-1.03,4,1,1.0,,0.0013662705314345658,0.1,deceptive,2
0,-1.0,1,1,1.0,,0.0013333340175449848,0.1,deceptive,2
0,-1.01,2,1,1.0,,0.00140149996150285,0.1,deceptive,2
0,-1.02,3,1,1.0,,0.0013556804042309523,0.1,deceptive,2
0,-1.0,1,1,1.0,,0.0013626660220324993,0.1,deceptive,2
0,-1.03,4,1,1.0,,0.0013820832828059793,0.1,deceptive,2
0,-1.02,3,1,1.0,,0.0013481940453251202,0.1,deceptive,2
0,-1.05,6,1,0.8571428571428571,,0.0013892710364113252,0.1,deceptive,2
0,-1.02,3,1,0.0,,0.0013215556585540373,0.5,deceptive,2
0,-1.01,2,1,1.0,,0.0015169375110417604,0.5,deceptive,2
0,-1.01,2,1,0.3333333333333333,,0.0013333125971257687,0.5,deceptive,2
0,-1.0,1,1,1.0,,0.0012833329383283854,0.5,deceptive,2
0,-1.01,2,1,1.0,,0.001271104090847075,0.5,deceptive,2
0,-1.02,3,1,1.0,,0.0012690553752084572,0.5,deceptive,2
0,-1.02,3,1,0.5,,0.0012685969316711028,0.5,deceptive,2
0,-1.03,4,1,0.6,,0.0012880204594694078,0.5,deceptive,2
0,-1.02,3,1,1.0,,0.001269388400639097,0.5,deceptive,2
0,-1.05,6,1,1.0,,0.0012665556666130822,0.5,deceptive,2
0,-1.02,3,1,0.0,,0.0012764303634564083,1.0,deceptive,2
0,-1.01,2,1,0.3333333333333333,,0.0012732921168208122,1.0,deceptive,2
0,-1.01,2,1,1.0,,0.001264229416847229,1.0,deceptive,2
0,-1.0,1,1,1.0,,0.0012680420186370611,1.0,deceptive,2
0,-1.01,2,1,1.0,,0.0012706669513136148,1.0,deceptive,2
0,-1.04,5,1,0.3333333333333333,,0.0013183165807276963,1.0,deceptive,2
0,-1.02,3,1,1.0,,0.0014264856775601704,1.0,deceptive,2
0,-1.03,4,1,0.6,,0.0012998852762393653,1.0,deceptive,2
0,-1.02,3,1,1.0,,0.001284319752206405,1.0,deceptive,2
0,-1.07,8,1,0.7777777777777778,,0.0012690311414189637,1.0,deceptive,2
0,-1.02,3,1,0.0,,0.0012668885756283998,2.0,deceptive,2
0,-1.01,2,1,0.3333333333333333,,0.0013663334539160132,2.0,deceptive,2
0,-1.01,2,1,1.0,,0.0013979580253362656,2.0,deceptive,2
0,-1.0,1,1,1.0,,0.0014122501015663147,2.0,deceptive,2
0,-1.01,2,1,1.0,,0.0012778745731338859,2.0,deceptive,2
0,-1.04,5,1,0.3333333333333333,,0.001256749965250492,2.0,deceptive,2
0,-1.05,6,1,0.8571428571428571,,0.0013392152807985742,2.0,deceptive,2
0,-1.03,4,1,0.6,,0.001340833492577076,2.0,deceptive,2
0,-1.02,3,1,1.0,,0.0013120973017066717,2.0,deceptive,2
0,-1.08,9,1,0.4,,0.001362449179093043,2.0,deceptive,2
0,-1.02,3,1,0.0,,0.0014382083124170701,5.0,deceptive,2
0,-1.01,2,1,0.3333333333333333,,0.001469416543841362,5.0,deceptive,2
0,-1.01,2,1,1.0,,0.0014326664386317134,5.0,deceptive,2
0,-1.0,1,1,1.0,,0.001368541968986392,5.0,deceptive,2
0,-1.01,2,1,1.0,,0.0013333336682990193,5.0,deceptive,2
0,-1.04,5,1,0.3333333333333333,,0.0013773582875728607,5.0,deceptive,2
0,-1.03,4,1,0.6,,0.0013631564797833562,5.0,deceptive,2
0,-1.05,6,1,0.7142857142857143,,0.0013112501862148445,5.0,deceptive,2
0,-1.02,3,1,1.0,,0.0013713613152503967,5.0,deceptive,2
0,-1.05,6,1,0.7142857142857143,,0.0012607914783681433,5.0,deceptive,2
1,0.91,10,0,0.0,2.0,0.0012854708125814795,0.0,random_small,2
0,-1.0,1,1,0.0,,0.001241625053808093,0.0,random_small,2
0,-1.0,1,1,1.0,,0.0012519159354269505,0.0,random_small,2
0,-1.0,1,1,1.0,,0.0012437498662620783,0.0,random_small,2
0,-1.0,1,1,1.0,,0.001256000017747283,0.0,random_small,2
1,0.87,14,0,0.06666666666666667,6.0,0.0013224881840869784,0.0,random_small,2
1,0.87,14,0,0.06666666666666667,6.0,0.0013020297379365989,0.0,random_small,2
0,-1.06,7,1,0.125,,0.0012794224478836571,0.0,random_small,2
0,-1.04,5,1,1.0,,0.0013079334516078235,0.0,random_small,2
0,-1.08,9,1,0.4,,0.0012809258575240772,0.0,random_small,2
1,0.91,10,0,0.0,2.0,0.001291116769425571,0.1,random_small,2
0,-1.0,1,1,0.0,,0.0012430408969521523,0.1,random_small,2
0,-1.14,15,1,0.0625,,0.0012699111830443144,0.1,random_small,2
0,-1.0,1,1,1.0,,0.0013614590279757977,0.1,random_small,2
0,-1.0,1,1,1.0,,0.0012601669877767563,0.1,random_small,2
1,0.87,14,0,0.6,6.0,0.0012812172727925436,0.1,random_small,2
0,-1.05,6,1,0.42857142857142855,,0.0012614240016167362,0.1,random_small,2
0,-1.04,5,1,1.0,,0.0012737833894789219,0.1,random_small,2
0,-1.04,5,1,1.0,,0.0012548668310046196,0.1,random_small,2
0,-1.08,9,1,1.0,,0.001331986135078801,0.1,random_small,2
1,0.91,10,0,0.0,2.0,0.0012876583961769939,0.5,random_small,2
0,-1.0,1,1,0.0,,0.0012902920134365559,0.5,random_small,2
0,-1.14,15,1,0.0625,,0.0013042196010549863,0.5,random_small,2
0,-1.0,1,1,1.0,,0.0012926668860018253,0.5,random_small,2
0,-1.0,1,1,1.0,,0.001254499889910221,0.5,random_small,2
1,0.87,14,0,0.6,6.0,0.001239002964991544,0.5,random_small,2
0,-1.05,6,1,0.42857142857142855,,0.0012389794380093615,0.5,random_small,2
0,-1.04,5,1,1.0,,0.001239033229649067,0.5,random_small,2
1,0.91,10,0,0.7272727272727273,2.0,0.0012438626261427998,0.5,random_small,2
1,0.9299999999999999,8,0,0.5555555555555556,0.0,0.0012422239815350622,0.5,random_small,2
1,0.91,10,0,0.0,2.0,0.0012341083958745003,1.0,random_small,2
0,-1.0,1,1,0.0,,0.0012334580533206463,1.0,random_small,2
0,-1.14,15,1,0.0625,,0.0012450138883044323,1.0,random_small,2
0,-1.0,1,1,1.0,,0.001242582919076085,1.0,random_small,2
0,-1.0,1,1,1.0,,0.001235750038176775,1.0,random_small,2
0,-1.04,5,1,0.5,,0.0012370668351650237,1.0,random_small,2
0,-1.05,6,1,1.0,,0.001234180332782368,1.0,random_small,2
0,-1.18,19,1,0.75,,0.0012417499368128024,1.0,random_small,2
1,0.91,10,0,0.7272727272727273,2.0,0.0012407497735694051,1.0,random_small,2
1,0.91,10,0,0.8181818181818182,2.0,0.0012398832011967897,1.0,random_small,2
1,0.91,10,0,0.0,2.0,0.0012306083925068378,2.0,random_small,2
0,-1.0,1,1,0.0,,0.0012281660456210375,2.0,random_small,2
0,-1.14,15,1,0.0625,,0.001239011079693834,2.0,random_small,2
0,-1.0,1,1,1.0,,0.0012363339774310589,2.0,random_small,2
0,-1.0,1,1,1.0,,0.001240250188857317,2.0,random_small,2
0,-1.04,5,1,0.5,,0.0012344419956207275,2.0,random_small,2
0,-1.03,4,1,1.0,,0.0012427500332705677,2.0,random_small,2
1,0.89,12,0,0.5384615384615384,4.0,0.001304482575505972,2.0,random_small,2
1,0.91,10,0,0.7272727272727273,2.0,0.0012883500196039677,2.0,random_small,2
0,-1.02,3,1,1.0,,0.0012545696614931028,2.0,random_small,2
1,0.91,10,0,0.0,2.0,0.001242691883817315,5.0,random_small,2
0,-1.0,1,1,0.0,,0.0012425000313669443,5.0,random_small,2
0,-1.14,15,1,0.0625,,0.0012504083880533776,5.0,random_small,2
0,-1.0,1,1,1.0,,0.0012435419484972954,5.0,random_small,2
0,-1.0,1,1,1.0,,0.0012526670470833778,5.0,random_small,2
0,-1.04,5,1,0.5,,0.0012461667880415916,5.0,random_small,2
0,-1.03,4,1,1.0,,0.001246207975782454,5.0,random_small,2
1,0.89,12,0,0.5384615384615384,4.0,0.0012497535208240151,5.0,random_small,2
1,0.91,10,0,0.6363636363636364,2.0,0.0012514834059402346,5.0,random_small,2
0,-1.02,3,1,1.0,,0.001254985962683956,5.0,random_small,2
