success,total_return,path_length,collision,repeated_failure_rate,optimality_gap,inference_time_per_action,lambda_D,Map,Seed
0,-1.0,1,1,0.0,,0.003419416956603527,0.0,easy,0
0,-1.0,1,1,0.0,,0.0014007079880684614,0.0,easy,0
0,-1.0,1,1,0.0,,0.0013789590448141098,0.0,easy,0
0,-1.02,3,1,0.0,,0.0013824169679234426,0.0,easy,0
0,-1.0,1,1,0.0,,0.0013270829804241657,0.0,easy,0
0,-1.0,1,1,0.0,,0.0012366659939289093,0.0,easy,0
0,-1.0,1,1,0.0,,0.0012288750149309635,0.0,easy,0
0,-1.0,1,1,0.0,,0.0012295409105718136,0.0,easy,0
0,-1.02,3,1,0.0,,0.0012211663803706567,0.0,easy,0
0,-1.01,2,1,0.0,,0.0012550420360639691,0.0,easy,0
1,0.92,9,0,0.0,4.0,0.001377615715480513,0.1,easy,0
0,-1.0,1,1,0.0,,0.0013530829455703497,0.1,easy,0
1,0.94,7,0,0.0,2.0,0.0013283214066177607,0.1,easy,0
0,-1.04,5,1,0.0,,0.0012550665996968746,0.1,easy,0
0,-1.0,1,1,0.0,,0.0012575420551002026,0.1,easy,0
1,0.94,7,0,0.0,2.0,0.0012463391425886325,0.1,easy,0
0,-1.0,1,1,0.0,,0.0013865828514099121,0.1,easy,0
1,0.96,5,0,0.0,0.0,0.0013449166435748339,0.1,easy,0
1,0.9,11,0,0.0,6.0,0.0013051060113039884,0.1,easy,0
0,-1.01,2,1,0.0,,0.001287124934606254,0.1,easy,0
1,0.92,9,0,0.0,4.0,0.001281101851620608,0.5,easy,0
0,-1.0,1,1,0.0,,0.0013505842071026564,0.5,easy,0
0,-1.02,3,1,0.0,,0.001339278028657039,0.5,easy,0
0,-1.09,10,1,0.0,,0.0013211626326665282,0.5,easy,0
0,-1.0,1,1,0.0,,0.0012964580673724413,0.5,easy,0
0,-1.03,4,1,0.0,,0.0012572084669955075,0.5,easy,0
0,-1.0,1,1,0.0,,0.0012653330340981483,0.5,easy,0
1,0.96,5,0,0.0,0.0,0.0013668249826878308,0.5,easy,0
1,0.94,7,0,0.0,2.0,0.0013357438812298434,0.5,easy,0
0,-1.01,2,1,0.0,,0.0013611664762720466,0.5,easy,0
1,0.92,9,0,0.0,4.0,0.001363425903643171,1.0,easy,0
0,-1.0,1,1,0.0,,0.0013805420603603125,1.0,easy,0
0,-1.02,3,1,0.0,,0.0013497499749064445,1.0,easy,0
0,-1.09,10,1,0.0,,0.0012417248683050275,1.0,easy,0
0,-1.0,1,1,0.0,,0.0013867500238120556,1.0,easy,0
0,-1.03,4,1,0.0,,0.0013479582848958671,1.0,easy,0
0,-1.0,1,1,0.0,,0.001353041036054492,1.0,easy,0
1,0.96,5,0,0.0,0.0,0.0013112088665366173,1.0,easy,0
1,0.94,7,0,0.0,2.0,0.0013318986831498997,1.0,easy,0
0,-1.01,2,1,0.0,,0.0012531455140560865,1.0,easy,0
1,0.92,9,0,0.0,4.0,0.0012971944589581755,2.0,easy,0
0,-1.0,1,1,0.0,,0.0013735420070588589,2.0,easy,0
0,-1.02,3,1,0.0,,0.0012374723640580971,2.0,easy,0
0,-1.09,10,1,0.0,,0.0012714170152321458,2.0,easy,0
0,-1.0,1,1,0.0,,0.0012140418402850628,2.0,easy,0
0,-1.03,4,1,0.0,,0.0012109062517993152,2.0,easy,0
0,-1.0,1,1,0.0,,0.0012129999231547117,2.0,easy,0
1,0.96,5,0,0.0,0.0,0.0013676581904292107,2.0,easy,0
1,0.94,7,0,0.0,2.0,0.0013682797684201173,2.0,easy,0
0,-1.01,2,1,0.0,,0.0013833959819748998,2.0,easy,0
1,0.92,9,0,0.0,4.0,0.0013376111940791209,5.0,easy,0
0,-1.0,1,1,0.0,,0.0012541247997432947,5.0,easy,0
0,-1.02,3,1,0.0,,0.0014183333454032738,5.0,easy,0
0,-1.09,10,1,0.0,,0.0012956998543813825,5.0,easy,0
0,-1.0,1,1,0.0,,0.001230333000421524,5.0,easy,0
0,-1.03,4,1,0.0,,0.0012219067430123687,5.0,easy,0
0,-1.0,1,1,0.0,,0.0012307080905884504,5.0,easy,0
1,0.96,5,0,0.0,0.0,0.001212550001218915,5.0,easy,0
1,0.94,7,0,0.0,2.0,0.0013357558553772314,5.0,easy,0
0,-1.01,2,1,0.0,,0.0013468540273606777,5.0,easy,0
0,-1.0,1,1,0.0,,0.0014470829628407955,0.0,obstacle,0
0,-1.0,1,1,0.0,,0.0014002500101923943,0.0,obstacle,0
0,-1.0,1,1,0.0,,0.0013826671056449413,0.0,obstacle,0
0,-1.0,1,1,0.0,,0.001380458939820528,0.0,obstacle,0
0,-1.0,1,1,0.0,,0.0013699999544769526,0.0,obstacle,0
0,-1.0,1,1,0.0,,0.0013339999131858349,0.0,obstacle,0
0,-1.0,1,1,0.0,,0.0013191250618547201,0.0,obstacle,0
0,-1.0,1,1,0.0,,0.0013227080926299095,0.0,obstacle,0
0,-1.0,1,1,0.0,,0.0013219171669334173,0.0,obstacle,0
0,-1.0,1,1,0.0,,0.0012559168972074986,0.0,obstacle,0
0,-1.02,3,1,0.0,,0.0013695139593134324,0.1,obstacle,0
0,-1.0,1,1,0.0,,0.0013577078934758902,0.1,obstacle,0
0,-1.02,3,1,0.0,,0.0012421386782079935,0.1,obstacle,0
0,-1.01,2,1,0.0,,0.0012326459400355816,0.1,obstacle,0
0,-1.0,1,1,0.0,,0.0012294170446693897,0.1,obstacle,0
0,-1.02,3,1,0.0,,0.0012270001073678334,0.1,obstacle,0
0,-1.02,3,1,0.0,,0.0012657915552457173,0.1,obstacle,0
0,-1.02,3,1,0.0,,0.0012350420001894236,0.1,obstacle,0
0,-1.02,3,1,0.0,,0.0012373749632388353,0.1,obstacle,0
0,-1.0,1,1,0.0,,0.001234457828104496,0.1,obstacle,0
0,-1.02,3,1,0.0,,0.0012635414022952318,0.5,obstacle,0
0,-1.0,1,1,0.0,,0.0012209161650389433,0.5,obstacle,0
0,-1.02,3,1,0.0,,0.001213221965978543,0.5,obstacle,0
0,-1.01,2,1,0.0,,0.0012121249455958605,0.5,obstacle,0
0,-1.0,1,1,0.0,,0.0012137088924646378,0.5,obstacle,0
0,-1.02,3,1,0.0,,0.0012863329611718655,0.5,obstacle,0
0,-1.02,3,1,0.0,,0.001284583704546094,0.5,obstacle,0
0,-1.02,3,1,0.0,,0.0012564860905210178,0.5,obstacle,0
0,-1.02,3,1,0.0,,0.0012240413731584947,0.5,obstacle,0
0,-1.0,1,1,0.0,,0.0012043328024446964,0.5,obstacle,0
0,-1.02,3,1,0.0,,0.0012148333868632715,1.0,obstacle,0
0,-1.0,1,1,0.0,,0.0011960838455706835,1.0,obstacle,0
0,-1.02,3,1,0.0,,0.0013478196536501248,1.0,obstacle,0
0,-1.01,2,1,0.0,,0.0013343124883249402,1.0,obstacle,0
0,-1.0,1,1,0.0,,0.0012496670242398977,1.0,obstacle,0
0,-1.02,3,1,0.0,,0.0012346807246406872,1.0,obstacle,0
0,-1.02,3,1,0.0,,0.0012119580060243607,1.0,obstacle,0
0,-1.02,3,1,0.0,,0.0013448050400863092,1.0,obstacle,0
0,-1.02,3,1,0.0,,0.0012098335816214483,1.0,obstacle,0
0,-1.0,1,1,0.0,,0.0012552079278975725,1.0,obstacle,0
0,-1.02,3,1,0.0,,0.0012467913329601288,2.0,obstacle,0
0,-1.0,1,1,0.0,,0.0012534589041024446,2.0,obstacle,0
0,-1.02,3,1,0.0,,0.0012818477116525173,2.0,obstacle,0
0,-1.01,2,1,0.0,,0.0013061665231361985,2.0,obstacle,0
0,-1.0,1,1,0.0,,0.0013622078113257885,2.0,obstacle,0
0,-1.02,3,1,0.0,,0.001283277990296483,2.0,obstacle,0
0,-1.02,3,1,0.0,,0.001237055209154884,2.0,obstacle,0
0,-1.02,3,1,0.0,,0.0012781529997785885,2.0,obstacle,0
0,-1.02,3,1,0.0,,0.001353264010200898,2.0,obstacle,0
0,-1.0,1,1,0.0,,0.001249541062861681,2.0,obstacle,0
0,-1.02,3,1,0.0,,0.0012153052569677432,5.0,obstacle,0
0,-1.0,1,1,0.0,,0.0011979159899055958,5.0,obstacle,0
0,-1.02,3,1,0.0,,0.0011999995913356543,5.0,obstacle,0
0,-1.01,2,1,0.0,,0.0013327501947060227,5.0,obstacle,0
0,-1.0,1,1,0.0,,0.001336083048954606,5.0,obstacle,0
0,-1.02,3,1,0.0,,0.0013200696557760239,5.0,obstacle,0
0,-1.02,3,1,0.0,,0.0012202222521106403,5.0,obstacle,0
0,-1.02,3,1,0.0,,0.0012322641753902037,5.0,obstacle,0
0,-1.02,3,1,0.0,,0.0013342083742221196,5.0,obstacle,0
0,-1.0,1,1,0.0,,0.001364041119813919,5.0,obstacle,0
0,-1.0,1,1,0.0,,0.001387542113661766,0.0,deceptive,0
0,-1.0,1,1,0.0,,0.0013981249649077654,0.0,deceptive,0
0,-1.0,1,1,0.0,,0.0013075829483568668,0.0,deceptive,0
0,-1.01,2,1,0.0,,0.001310728956013918,0.0,deceptive,0
0,-1.0,1,1,0.0,,0.0012255830224603415,0.0,deceptive,0
0,-1.0,1,1,0.0,,0.001224790932610631,0.0,deceptive,0
0,-1.0,1,1,0.0,,0.0012314999476075172,0.0,deceptive,0
0,-1.0,1,1,0.0,,0.0012143331114202738,0.0,deceptive,0
0,-1.0,1,1,0.0,,0.001221582992002368,0.0,deceptive,0
0,-1.0,1,1,0.0,,0.0012146250810474157,0.0,deceptive,0
0,-1.01,2,1,0.0,,0.001226708060130477,0.1,deceptive,0
0,-1.0,1,1,0.0,,0.0012234589084982872,0.1,deceptive,0
0,-1.02,3,1,0.0,,0.0012734859871367614,0.1,deceptive,0
0,-1.03,4,1,0.0,,0.0013590940507128835,0.1,deceptive,0
0,-1.0,1,1,0.0,,0.001269750064238906,0.1,deceptive,0
0,-1.03,4,1,0.0,,0.001212177041452378,0.1,deceptive,0
0,-1.03,4,1,0.0,,0.0012939267908222973,0.1,deceptive,0
0,-1.0,1,1,0.0,,0.0013658329844474792,0.1,deceptive,0
0,-1.03,4,1,0.0,,0.0012250937288627028,0.1,deceptive,0
0,-1.0,1,1,0.0,,0.0012083330657333136,0.1,deceptive,0
0,-1.01,2,1,0.0,,0.001209291978739202,0.5,deceptive,0
0,-1.0,1,1,0.0,,0.001207916997373104,0.5,deceptive,0
0,-1.02,3,1,0.0,,0.001220555587982138,0.5,deceptive,0
0,-1.03,4,1,0.0,,0.0012056975392624736,0.5,deceptive,0
0,-1.0,1,1,0.0,,0.0012099999003112316,0.5,deceptive,0
0,-1.03,4,1,0.0,,0.0012051767553202808,0.5,deceptive,0
0,-1.03,4,1,0.0,,0.0012782395351678133,0.5,deceptive,0
0,-1.0,1,1,0.0,,0.0013340830337256193,0.5,deceptive,0
0,-1.03,4,1,0.0,,0.0013425210490822792,0.5,deceptive,0
0,-1.0,1,1,0.0,,0.001353041036054492,0.5,deceptive,0
0,-1.01,2,1,0.0,,0.0013589374721050262,1.0,deceptive,0
0,-1.0,1,1,0.0,,0.001275333110243082,1.0,deceptive,0
0,-1.02,3,1,0.0,,0.001347069318095843,1.0,deceptive,0
0,-1.03,4,1,0.0,,0.0013253542711026967,1.0,deceptive,0
0,-1.0,1,1,0.0,,0.0012590829282999039,1.0,deceptive,0
0,-1.03,4,1,0.0,,0.0012401252170093358,1.0,deceptive,0
0,-1.03,4,1,0.0,,0.00129791657673195,1.0,deceptive,0
0,-1.0,1,1,0.0,,0.0013587500434368849,1.0,deceptive,0
0,-1.03,4,1,0.0,,0.0012752289767377079,1.0,deceptive,0
0,-1.0,1,1,0.0,,0.001210915856063366,1.0,deceptive,0
0,-1.01,2,1,0.0,,0.0012310835300013423,2.0,deceptive,0
0,-1.0,1,1,0.0,,0.0012097088620066643,2.0,deceptive,0
0,-1.02,3,1,0.0,,0.001284472333888213,2.0,deceptive,0
0,-1.03,4,1,0.0,,0.0013058750191703439,2.0,deceptive,0
0,-1.0,1,1,0.0,,0.0012201247736811638,2.0,deceptive,0
0,-1.03,4,1,0.0,,0.0012181976926513016,2.0,deceptive,0
0,-1.03,4,1,0.0,,0.0013177086366340518,2.0,deceptive,0
0,-1.0,1,1,0.0,,0.0013166249264031649,2.0,deceptive,0
0,-1.03,4,1,0.0,,0.001225531508680433,2.0,deceptive,0
0,-1.0,1,1,0.0,,0.0012059169821441174,2.0,deceptive,0
0,-1.01,2,1,0.0,,0.001204000087454915,5.0,deceptive,0
0,-1.0,1,1,0.0,,0.0012030829675495625,5.0,deceptive,0
0,-1.02,3,1,0.0,,0.001218486422051986,5.0,deceptive,0
0,-1.03,4,1,0.0,,0.0012054795515723526,5.0,deceptive,0
0,-1.0,1,1,0.0,,0.0012104578781872988,5.0,deceptive,0
0,-1.03,4,1,0.0,,0.001206197775900364,5.0,deceptive,0
0,-1.03,4,1,0.0,,0.0012935520499013364,5.0,deceptive,0
0,-1.0,1,1,0.0,,0.0013221250846982002,5.0,deceptive,0
0,-1.03,4,1,0.0,,0.0013278540573082864,5.0,deceptive,0
0,-1.0,1,1,0.0,,0.0013198750093579292,5.0,deceptive,0
0,-1.0,1,1,0.0,,0.0013702500145882368,0.0,random_small,0
0,-1.0,1,1,0.0,,0.0013531248550862074,0.0,random_small,0
0,-1.03,4,1,0.0,,0.0012753960327245295,0.0,random_small,0
0,-1.0,1,1,0.0,,0.0012509170919656754,0.0,random_small,0
0,-1.0,1,1,0.0,,0.0012498749420046806,0.0,random_small,0
0,-1.0,1,1,0.0,,0.0012398750986903906,0.0,random_small,0
0,-1.0,1,1,0.0,,0.0012193331494927406,0.0,random_small,0
0,-1.02,3,1,0.0,,0.00129718038563927,0.0,random_small,0
0,-1.0,1,1,0.0,,0.0013534589670598507,0.0,random_small,0
0,-1.0,1,1,0.0,,0.0013487918768078089,0.0,random_small,0
0,-1.0,1,1,0.0,,0.0013000420294702053,0.1,random_small,0
0,-1.04,5,1,0.0,,0.001219258038327098,0.1,random_small,0
1,0.83,18,0,0.0,10.0,0.0012671342895676692,0.1,random_small,0
0,-1.08,9,1,0.0,,0.0011941899235049884,0.1,random_small,0
0,-1.02,3,1,0.0,,0.0012304442934691906,0.1,random_small,0
0,-1.0,1,1,0.0,,0.001184707973152399,0.1,random_small,0
0,-1.14,15,1,0.0,,0.0012236001280446847,0.1,random_small,0
0,-1.04,5,1,0.0,,0.0013151584193110467,0.1,random_small,0
0,-1.0,1,1,0.0,,0.0012070408556610346,0.1,random_small,0
1,0.9299999999999999,8,0,0.0,0.0,0.0012641247303690761,0.1,random_small,0
0,-1.0,1,1,0.0,,0.0012934168335050344,0.5,random_small,0
0,-1.04,5,1,0.0,,0.0012369999662041665,0.5,random_small,0
0,-1.1099999999999999,12,1,0.0,,0.0012804166763089597,0.5,random_small,0
0,-1.08,9,1,0.0,,0.0012945924471649858,0.5,random_small,0
0,-1.06,7,1,0.0,,0.0012513930310628244,0.5,random_small,0
0,-1.0,1,1,0.0,,0.0013494170270860195,0.5,random_small,0
0,-1.14,15,1,0.0,,0.0012828027984748283,0.5,random_small,0
0,-1.04,5,1,0.0,,0.001300216419622302,0.5,random_small,0
0,-1.0,1,1,0.0,,0.0012164171785116196,0.5,random_small,0
1,0.9299999999999999,8,0,0.0,0.0,0.0012225937971379608,0.5,random_small,0
0,-1.0,1,1,0.0,,0.0012320829555392265,1.0,random_small,0
0,-1.04,5,1,0.0,,0.00121393334120512,1.0,random_small,0
0,-1.04,5,1,0.0,,0.0012191166169941425,1.0,random_small,0
0,-1.08,9,1,0.0,,0.001209458103403449,1.0,random_small,0
0,-1.06,7,1,0.0,,0.0012808690911957196,1.0,random_small,0
0,-1.0,1,1,0.0,,0.0012075421400368214,1.0,random_small,0
0,-1.1199999999999999,13,1,0.0,,0.0013121892160807664,1.0,random_small,0
0,-1.04,5,1,0.0,,0.001372233359143138,1.0,random_small,0
0,-1.0,1,1,0.0,,0.0013526671100407839,1.0,random_small,0
1,0.9299999999999999,8,0,0.0,0.0,0.0013066093961242586,1.0,random_small,0
0,-1.0,1,1,0.0,,0.0012410830240696669,2.0,random_small,0
0,-1.04,5,1,0.0,,0.0013380835764110089,2.0,random_small,0
0,-1.04,5,1,0.0,,0.0013043418060988189,2.0,random_small,0
0,-1.08,9,1,0.0,,0.0013055321243074206,2.0,random_small,0
0,-1.06,7,1,0.0,,0.0012707618796931846,2.0,random_small,0
0,-1.0,1,1,0.0,,0.0013287500478327274,2.0,random_small,0
0,-1.1199999999999999,13,1,0.0,,0.0012749839359177994,2.0,random_small,0
0,-1.04,5,1,0.0,,0.0011961165815591811,2.0,random_small,0
0,-1.0,1,1,0.0,,0.001206875080242753,2.0,random_small,0
1,0.9299999999999999,8,0,0.0,0.0,0.0012239792267791927,2.0,random_small,0
0,-1.0,1,1,0.0,,0.0013182500842958689,5.0,random_small,0
0,-1.04,5,1,0.0,,0.0012814583256840705,5.0,random_small,0
0,-1.04,5,1,0.0,,0.0012259500566869975,5.0,random_small,0
0,-1.08,9,1,0.0,,0.0013538054966678221,5.0,random_small,0
0,-1.06,7,1,0.0,,0.001315577288291284,5.0,random_small,0
0,-1.0,1,1,0.0,,0.0013604999985545874,5.0,random_small,0
0,-1.1199999999999999,13,1,0.0,,0.0012458845471533446,5.0,random_small,0
0,-1.04,5,1,0.0,,0.001212441548705101,5.0,random_small,0
0,-1.0,1,1,0.0,,0.001229708082973957,5.0,random_small,0
1,0.9299999999999999,8,0,0.0,0.0,0.0012867602636106312,5.0,random_small,0
0,-1.0,1,1,0.0,,0.0014000420924276114,0.0,easy,1
0,-1.0,1,1,0.0,,0.0013237500097602606,0.0,easy,1
0,-1.0,1,1,0.0,,0.0013510410208255053,0.0,easy,1
0,-1.0,1,1,0.0,,0.0015076668933033943,0.0,easy,1
0,-1.0,1,1,0.0,,0.0014544997829943895,0.0,easy,1
0,-1.0,1,1,0.0,,0.001456917030736804,0.0,easy,1
0,-1.0,1,1,0.0,,0.0013824580237269402,0.0,easy,1
0,-1.0,1,1,0.0,,0.0013454998843371868,0.0,easy,1
0,-1.0,1,1,0.0,,0.0012495419941842556,0.0,easy,1
0,-1.0,1,1,0.0,,0.0012159999459981918,0.0,easy,1
0,-1.05,6,1,0.0,,0.001355527473303179,0.1,easy,1
1,0.96,5,0,0.0,0.0,0.0013164752628654242,0.1,easy,1
0,-1.0,1,1,0.0,,0.0012529578525573015,0.1,easy,1
0,-1.0,1,1,0.0,,0.0014926670119166374,0.1,easy,1
1,0.9,11,0,0.0,6.0,0.0013264129784974184,0.1,easy,1
0,-1.01,2,1,0.0,,0.0013324795290827751,0.1,easy,1
1,0.92,9,0,0.0,4.0,0.0013815834600892332,0.1,easy,1
0,-1.0,1,1,0.0,,0.001241500023752451,0.1,easy,1
1,0.96,5,0,0.0,0.0,0.0012806751765310764,0.1,easy,1
0,-1.0,1,1,0.0,,0.0012417500838637352,0.1,easy,1
0,-1.05,6,1,0.0,,0.001328951446339488,0.5,easy,1
0,-1.08,9,1,0.0,,0.001355578683109747,0.5,easy,1
1,0.94,7,0,0.0,2.0,0.0012898393906652927,0.5,easy,1
0,-1.0,1,1,0.0,,0.0013702078722417355,0.5,easy,1
1,0.96,5,0,0.0,0.0,0.0012541832402348518,0.5,easy,1
0,-1.01,2,1,0.0,,0.0013132916064932942,0.5,easy,1
1,0.92,9,0,0.0,4.0,0.0014241434788952272,0.5,easy,1
0,-1.0,1,1,0.0,,0.0013603330589830875,0.5,easy,1
1,0.96,5,0,0.0,0.0,0.0012239331845194101,0.5,easy,1
0,-1.0,1,1,0.0,,0.0015618330799043179,0.5,easy,1
0,-1.05,6,1,0.0,,0.0013509862280140321,1.0,easy,1
0,-1.08,9,1,0.0,,0.001377592691116863,1.0,easy,1
1,0.94,7,0,0.0,2.0,0.001221880948703204,1.0,easy,1
0,-1.0,1,1,0.0,,0.0014126249589025974,1.0,easy,1
1,0.96,5,0,0.0,0.0,0.0013130083680152893,1.0,easy,1
0,-1.01,2,1,0.0,,0.0012278545182198286,1.0,easy,1
1,0.94,7,0,0.0,2.0,0.0013065000197717122,1.0,easy,1
0,-1.0,1,1,0.0,,0.0012423750013113022,1.0,easy,1
1,0.96,5,0,0.0,0.0,0.0015627665910869838,1.0,easy,1
0,-1.0,1,1,0.0,,0.0012229171115905046,1.0,easy,1
0,-1.05,6,1,0.0,,0.0013291319676985343,2.0,easy,1
0,-1.08,9,1,0.0,,0.001267773047503498,2.0,easy,1
1,0.94,7,0,0.0,2.0,0.0013175297062844038,2.0,easy,1
0,-1.0,1,1,0.0,,0.0012677500490099192,2.0,easy,1
1,0.96,5,0,0.0,0.0,0.0013000584207475186,2.0,easy,1
0,-1.01,2,1,0.0,,0.0012864999007433653,2.0,easy,1
1,0.94,7,0,0.0,2.0,0.001244809411998306,2.0,easy,1
0,-1.0,1,1,0.0,,0.0012027081102132797,2.0,easy,1
1,0.96,5,0,0.0,0.0,0.0013632168527692556,2.0,easy,1
0,-1.0,1,1,0.0,,0.00135525013320148,2.0,easy,1
0,-1.05,6,1,0.0,,0.0012691388449942072,5.0,easy,1
0,-1.08,9,1,0.0,,0.0012833102244055932,5.0,easy,1
1,0.94,7,0,0.0,2.0,0.001385172363370657,5.0,easy,1
0,-1.0,1,1,0.0,,0.001262041972950101,5.0,easy,1
1,0.96,5,0,0.0,0.0,0.0013169249519705772,5.0,easy,1
0,-1.01,2,1,0.0,,0.0015295000048354268,5.0,easy,1
1,0.94,7,0,0.0,2.0,0.0013183631734656437,5.0,easy,1
0,-1.0,1,1,0.0,,0.0014918330125510693,5.0,easy,1
1,0.96,5,0,0.0,0.0,0.0013495251536369325,5.0,easy,1
0,-1.0,1,1,0.0,,0.00138562498614192,5.0,easy,1
0,-1.0,1,1,0.0,,0.001408417010679841,0.0,obstacle,1
0,-1.0,1,1,0.0,,0.0012477089185267687,0.0,obstacle,1
0,-1.0,1,1,0.0,,0.001224749954417348,0.0,obstacle,1
0,-1.0,1,1,0.0,,0.0012110418174415827,0.0,obstacle,1
0,-1.0,1,1,0.0,,0.001768958056345582,0.0,obstacle,1
0,-1.0,1,1,0.0,,0.0012674580793827772,0.0,obstacle,1
0,-1.0,1,1,0.0,,0.0012042918242514133,0.0,obstacle,1
0,-1.0,1,1,0.0,,0.0013907910324633121,0.0,obstacle,1
0,-1.0,1,1,0.0,,0.0013682080898433924,0.0,obstacle,1
0,-1.0,1,1,0.0,,0.0012465829495340586,0.0,obstacle,1
0,-1.02,3,1,0.0,,0.0012686389964073896,0.1,obstacle,1
0,-1.04,5,1,0.0,,0.0012794165872037412,0.1,obstacle,1
0,-1.02,3,1,0.0,,0.0012112502784778674,0.1,obstacle,1
0,-1.0,1,1,0.0,,0.001213874900713563,0.1,obstacle,1
0,-1.02,3,1,0.0,,0.0013033057718227308,0.1,obstacle,1
0,-1.02,3,1,0.0,,0.0013365276002635558,0.1,obstacle,1
0,-1.02,3,1,0.0,,0.0013537503158052762,0.1,obstacle,1
0,-1.02,3,1,0.0,,0.001263597048819065,0.1,obstacle,1
0,-1.02,3,1,0.0,,0.00120449997484684,0.1,obstacle,1
0,-1.0,1,1,0.0,,0.0011993341613560915,0.1,obstacle,1
0,-1.02,3,1,0.0,,0.0013829719585676987,0.5,obstacle,1
0,-1.04,5,1,0.0,,0.0011788500472903253,0.5,obstacle,1
0,-1.02,3,1,0.0,,0.0013122220213214557,0.5,obstacle,1
0,-1.0,1,1,0.0,,0.0013496659230440855,0.5,obstacle,1
0,-1.02,3,1,0.0,,0.00139683298766613,0.5,obstacle,1
0,-1.02,3,1,0.0,,0.0012200833298265934,0.5,obstacle,1
0,-1.02,3,1,0.0,,0.0012119299887369077,0.5,obstacle,1
0,-1.02,3,1,0.0,,0.0013260275591164827,0.5,obstacle,1
0,-1.02,3,1,0.0,,0.0013943473653246958,0.5,obstacle,1
0,-1.0,1,1,0.0,,0.0012382080312818289,0.5,obstacle,1
0,-1.02,3,1,0.0,,0.0013024999449650447,1.0,obstacle,1
0,-1.04,5,1,0.0,,0.001210241625085473,1.0,obstacle,1
0,-1.02,3,1,0.0,,0.001358388690277934,1.0,obstacle,1
0,-1.0,1,1,0.0,,0.0012151249684393406,1.0,obstacle,1
0,-1.02,3,1,0.0,,0.0012122221135844786,1.0,obstacle,1
0,-1.02,3,1,0.0,,0.0011895413044840097,1.0,obstacle,1
0,-1.02,3,1,0.0,,0.0011872637551277876,1.0,obstacle,1
0,-1.02,3,1,0.0,,0.0013984999774644773,1.0,obstacle,1
0,-1.02,3,1,0.0,,0.0013145413249731064,1.0,obstacle,1
0,-1.0,1,1,0.0,,0.0012243748642504215,1.0,obstacle,1
0,-1.02,3,1,0.0,,0.001202888631572326,2.0,obstacle,1
0,-1.04,5,1,0.0,,0.0012818329967558384,2.0,obstacle,1
0,-1.02,3,1,0.0,,0.0012787079904228449,2.0,obstacle,1
0,-1.0,1,1,0.0,,0.001198542071506381,2.0,obstacle,1
0,-1.02,3,1,0.0,,0.0011928056677182515,2.0,obstacle,1
0,-1.02,3,1,0.0,,0.0012561669573187828,2.0,obstacle,1
0,-1.02,3,1,0.0,,0.0013454445482542117,2.0,obstacle,1
0,-1.02,3,1,0.0,,0.0011839169698456924,2.0,obstacle,1
0,-1.02,3,1,0.0,,0.0011818616185337305,2.0,obstacle,1
0,-1.0,1,1,0.0,,0.0011916249059140682,2.0,obstacle,1
0,-1.02,3,1,0.0,,0.0013014999373505514,5.0,obstacle,1
0,-1.04,5,1,0.0,,0.0013374831527471543,5.0,obstacle,1
0,-1.02,3,1,0.0,,0.0012555977640052636,5.0,obstacle,1
0,-1.0,1,1,0.0,,0.0012175838928669691,5.0,obstacle,1
0,-1.02,3,1,0.0,,0.0013650136534124613,5.0,obstacle,1
0,-1.02,3,1,0.0,,0.001230652987336119,5.0,obstacle,1
0,-1.02,3,1,0.0,,0.0012442503745357196,5.0,obstacle,1
0,-1.02,3,1,0.0,,0.0012747223178545635,5.0,obstacle,1
0,-1.02,3,1,0.0,,0.0012971529892335336,5.0,obstacle,1
0,-1.0,1,1,0.0,,0.0013688751496374607,5.0,obstacle,1
0,-1.0,1,1,0.0,,0.0013747080229222775,0.0,deceptive,1
0,-1.0,1,1,0.0,,0.0013015838339924812,0.0,deceptive,1
0,-1.0,1,1,0.0,,0.001198875019326806,0.0,deceptive,1
0,-1.0,1,1,0.0,,0.0011934579815715551,0.0,deceptive,1
0,-1.0,1,1,0.0,,0.0013461250346153975,0.0,deceptive,1
0,-1.0,1,1,0.0,,0.001213209005072713,0.0,deceptive,1
0,-1.0,1,1,0.0,,0.0011879580561071634,0.0,deceptive,1
0,-1.0,1,1,0.0,,0.00118274986743927,0.0,deceptive,1
0,-1.0,1,1,0.0,,0.0011799170169979334,0.0,deceptive,1
0,-1.0,1,1,0.0,,0.0011786669492721558,0.0,deceptive,1
0,-1.03,4,1,0.0,,0.0012244267272762954,0.1,deceptive,1
0,-1.03,4,1,0.0,,0.0012911460362374783,0.1,deceptive,1
0,-1.03,4,1,0.0,,0.0011755627929233015,0.1,deceptive,1
0,-1.0,1,1,0.0,,0.0018979168962687254,0.1,deceptive,1
0,-1.03,4,1,0.0,,0.0012588124955073,0.1,deceptive,1
0,-1.0,1,1,0.0,,0.0012300419621169567,0.1,deceptive,1
0,-1.03,4,1,0.0,,0.0012574584688991308,0.1,deceptive,1
0,-1.03,4,1,0.0,,0.0011986042372882366,0.1,deceptive,1
0,-1.02,3,1,0.0,,0.0011911249409119289,0.1,deceptive,1
0,-1.0,1,1,0.0,,0.001203875057399273,0.1,deceptive,1
0,-1.03,4,1,0.0,,0.0013752394588664174,0.5,deceptive,1
0,-1.03,4,1,0.0,,0.0012215831666253507,0.5,deceptive,1
0,-1.03,4,1,0.0,,0.001218072953633964,0.5,deceptive,1
0,-1.0,1,1,0.0,,0.0012188749387860298,0.5,deceptive,1
0,-1.03,4,1,0.0,,0.0014139582635834813,0.5,deceptive,1
0,-1.0,1,1,0.0,,0.0013172500766813755,0.5,deceptive,1
0,-1.03,4,1,0.0,,0.0012696252088062465,0.5,deceptive,1
0,-1.03,4,1,0.0,,0.0012837497633881867,0.5,deceptive,1
0,-1.02,3,1,0.0,,0.0013916250318288803,0.5,deceptive,1
0,-1.0,1,1,0.0,,0.001263500191271305,0.5,deceptive,1
0,-1.03,4,1,0.0,,0.0012028851779177785,1.0,deceptive,1
0,-1.03,4,1,0.0,,0.0012559790047816932,1.0,deceptive,1
0,-1.03,4,1,0.0,,0.0012153122224844992,1.0,deceptive,1
0,-1.0,1,1,0.0,,0.0013716670218855143,1.0,deceptive,1
0,-1.03,4,1,0.0,,0.0012554582208395004,1.0,deceptive,1
0,-1.0,1,1,0.0,,0.001207082998007536,1.0,deceptive,1
0,-1.03,4,1,0.0,,0.0012885520700365305,1.0,deceptive,1
0,-1.03,4,1,0.0,,0.001255458511877805,1.0,deceptive,1
0,-1.02,3,1,0.0,,0.0012347640780111153,1.0,deceptive,1
0,-1.0,1,1,0.0,,0.0012337500229477882,1.0,deceptive,1
0,-1.03,4,1,0.0,,0.001361417060252279,2.0,deceptive,1
0,-1.03,4,1,0.0,,0.0012794896611012518,2.0,deceptive,1
0,-1.03,4,1,0.0,,0.001211426977533847,2.0,deceptive,1
0,-1.0,1,1,0.0,,0.001342250034213066,2.0,deceptive,1
0,-1.03,4,1,0.0,,0.0013014583382755518,2.0,deceptive,1
0,-1.0,1,1,0.0,,0.00117575004696846,2.0,deceptive,1
0,-1.03,4,1,0.0,,0.0011675312998704612,2.0,deceptive,1
0,-1.03,4,1,0.0,,0.0011774476733990014,2.0,deceptive,1
0,-1.02,3,1,0.0,,0.0012741806761672099,2.0,deceptive,1
0,-1.0,1,1,0.0,,0.0012085409834980965,2.0,deceptive,1
0,-1.03,4,1,0.0,,0.001187354268040508,5.0,deceptive,1
0,-1.03,4,1,0.0,,0.0011850522714667022,5.0,deceptive,1
0,-1.03,4,1,0.0,,0.0013246247544884682,5.0,deceptive,1
0,-1.0,1,1,0.0,,0.0012352499179542065,5.0,deceptive,1
0,-1.03,4,1,0.0,,0.0011837914935313165,5.0,deceptive,1
0,-1.0,1,1,0.0,,0.0011925841681659222,5.0,deceptive,1
0,-1.03,4,1,0.0,,0.0012323229457251728,5.0,deceptive,1
0,-1.03,4,1,0.0,,0.0012527601793408394,5.0,deceptive,1
0,-1.02,3,1,0.0,,0.0011827085788051288,5.0,deceptive,1
0,-1.0,1,1,0.0,,0.001191166928038001,5.0,deceptive,1
0,-1.0,1,1,0.0,,0.0014563750009983778,0.0,random_small,1
0,-1.0,1,1,0.0,,0.0012856670655310154,0.0,random_small,1
0,-1.0,1,1,0.0,,0.001229959074407816,0.0,random_small,1
0,-1.0,1,1,0.0,,0.0012148749083280563,0.0,random_small,1
0,-1.0,1,1,0.0,,0.0012458751443773508,0.0,random_small,1
0,-1.0,1,1,0.0,,0.001213541952893138,0.0,random_small,1
0,-1.0,1,1,0.0,,0.0012103328481316566,0.0,random_small,1
0,-1.0,1,1,0.0,,0.0012113749980926514,0.0,random_small,1
0,-1.0,1,1,0.0,,0.0012136250734329224,0.0,random_small,1
0,-1.0,1,1,0.0,,0.0012100841850042343,0.0,random_small,1
0,-1.0,1,1,0.0,,0.0012299169320613146,0.1,random_small,1
0,-1.0,1,1,0.0,,0.001465042121708393,0.1,random_small,1
0,-1.1,11,1,0.0,,0.0012397804847833786,0.1,random_small,1
0,-1.06,7,1,0.0,,0.001245000266603061,0.1,random_small,1
1,0.89,12,0,0.0,4.0,0.0012765938299708068,0.1,random_small,1
1,0.91,10,0,0.0,2.0,0.001271808403544128,0.1,random_small,1
0,-1.0,1,1,0.0,,0.001324250129982829,0.1,random_small,1
0,-1.0,1,1,0.0,,0.0012921669986099005,0.1,random_small,1
0,-1.04,5,1,0.0,,0.001202741777524352,0.1,random_small,1
0,-1.1199999999999999,13,1,0.0,,0.0012715417318619215,0.1,random_small,1
0,-1.0,1,1,0.0,,0.0012619590852409601,0.5,random_small,1
0,-1.0,1,1,0.0,,0.0012233750894665718,0.5,random_small,1
0,-1.1,11,1,0.0,,0.0012757157356562939,0.5,random_small,1
0,-1.06,7,1,0.0,,0.0013321311811783484,0.5,random_small,1
1,0.85,16,0,0.0,8.0,0.001362827984848991,0.5,random_small,1
1,0.91,10,0,0.0,2.0,0.0012557289795950056,0.5,random_small,1
0,-1.0,1,1,0.0,,0.0014684160705655813,0.5,random_small,1
0,-1.0,1,1,0.0,,0.0012690841685980558,0.5,random_small,1
0,-1.04,5,1,0.0,,0.0012862334027886392,0.5,random_small,1
1,0.91,10,0,0.0,2.0,0.0012125000590458511,0.5,random_small,1
0,-1.0,1,1,0.0,,0.0012377500534057617,1.0,random_small,1
0,-1.0,1,1,0.0,,0.0013322499580681324,1.0,random_small,1
0,-1.1,11,1,0.0,,0.0012705907310274515,1.0,random_small,1
0,-1.06,7,1,0.0,,0.0012581248302012682,1.0,random_small,1
1,0.85,16,0,0.0,8.0,0.0012478828721214086,1.0,random_small,1
1,0.91,10,0,0.0,2.0,0.001296766521409154,1.0,random_small,1
0,-1.0,1,1,0.0,,0.0012460409197956324,1.0,random_small,1
0,-1.0,1,1,0.0,,0.0012016668915748596,1.0,random_small,1
0,-1.04,5,1,0.0,,0.0011964914854615926,1.0,random_small,1
1,0.91,10,0,0.0,2.0,0.0012873748084530235,1.0,random_small,1
0,-1.0,1,1,0.0,,0.001230957917869091,2.0,random_small,1
0,-1.0,1,1,0.0,,0.001201709033921361,2.0,random_small,1
0,-1.1,11,1,0.0,,0.0012588182633573358,2.0,random_small,1
0,-1.06,7,1,0.0,,0.0012772738867040192,2.0,random_small,1
1,0.85,16,0,0.0,8.0,0.0012490182707551867,2.0,random_small,1
1,0.91,10,0,0.0,2.0,0.0012662542518228292,2.0,random_small,1
0,-1.0,1,1,0.0,,0.0012350000906735659,2.0,random_small,1
0,-1.0,1,1,0.0,,0.0012073339894413948,2.0,random_small,1
0,-1.04,5,1,0.0,,0.0012031082063913346,2.0,random_small,1
1,0.91,10,0,0.0,2.0,0.0012965915957465768,2.0,random_small,1
0,-1.0,1,1,0.0,,0.0012278750073164701,5.0,random_small,1
0,-1.0,1,1,0.0,,0.0012137079611420631,5.0,random_small,1
0,-1.1,11,1,0.0,,0.0012949204538017511,5.0,random_small,1
0,-1.06,7,1,0.0,,0.0012496370556099074,5.0,random_small,1
1,0.85,16,0,0.0,8.0,0.001261236917343922,5.0,random_small,1
1,0.91,10,0,0.0,2.0,0.0012706125853583217,5.0,random_small,1
0,-1.0,1,1,0.0,,0.0012251250445842743,5.0,random_small,1
0,-1.0,1,1,0.0,,0.0012347078882157803,5.0,random_small,1
0,-1.04,5,1,0.0,,0.0012125669978559016,5.0,random_small,1
1,0.91,10,0,0.0,2.0,0.0012634793063625693,5.0,random_small,1
0,-1.0,1,1,0.0,,0.0014558339025825262,0.0,easy,2
0,-1.0,1,1,0.0,,0.0012271660380065441,0.0,easy,2
0,-1.0,1,1,0.0,,0.001225832849740982,0.0,easy,2
0,-1.0,1,1,0.0,,0.0012097081635147333,0.0,easy,2
0,-1.0,1,1,0.0,,0.0012362089473754168,0.0,easy,2
0,-1.0,1,1,0.0,,0.0012175419833511114,0.0,easy,2
0,-1.0,1,1,0.0,,0.0012129589449614286,0.0,easy,2
0,-1.0,1,1,0.0,,0.0012111249379813671,0.0,easy,2
0,-1.0,1,1,0.0,,0.001239290926605463,0.0,easy,2
0,-1.0,1,1,0.0,,0.0012247918639332056,0.0,easy,2
1,0.84,17,0,0.0,12.0,0.0012958284933120012,0.1,easy,2
1,0.88,13,0,0.0,8.0,0.0012452083711440747,0.1,easy,2
0,-1.03,4,1,0.0,,0.0012156773009337485,0.1,easy,2
0,-1.0,1,1,0.0,,0.0012137501034885645,0.1,easy,2
0,-1.0,1,1,0.0,,0.0012287909630686045,0.1,easy,2
0,-1.04,5,1,0.0,,0.0013088666368275882,0.1,easy,2
0,-1.0,1,1,0.0,,0.0012344580609351397,0.1,easy,2
1,0.9,11,0,0.0,6.0,0.0012530112977732313,0.1,easy,2
0,-1.02,3,1,0.0,,0.0013553890554855268,0.1,easy,2
0,-1.02,3,1,0.0,,0.0012918889988213778,0.1,easy,2
0,-1.04,5,1,0.0,,0.0012818330433219671,0.5,easy,2
0,-1.03,4,1,0.0,,0.0012081559398211539,0.5,easy,2
0,-1.03,4,1,0.0,,0.0012059062719345093,0.5,easy,2
0,-1.0,1,1,0.0,,0.001197792124003172,0.5,easy,2
0,-1.0,1,1,0.0,,0.0012122499756515026,0.5,easy,2
0,-1.04,5,1,0.0,,0.001362766558304429,0.5,easy,2
0,-1.0,1,1,0.0,,0.0013088749255985022,0.5,easy,2
1,0.9,11,0,0.0,6.0,0.0012324887158518488,0.5,easy,2
0,-1.02,3,1,0.0,,0.0012089582936217387,0.5,easy,2
0,-1.02,3,1,0.0,,0.0012214445353796084,0.5,easy,2
0,-1.04,5,1,0.0,,0.0012578334659337997,1.0,easy,2
0,-1.03,4,1,0.0,,0.0012793331989087164,1.0,easy,2
0,-1.03,4,1,0.0,,0.00121360452612862,1.0,easy,2
0,-1.0,1,1,0.0,,0.0012127908412367105,1.0,easy,2
0,-1.0,1,1,0.0,,0.0012344159185886383,1.0,easy,2
0,-1.04,5,1,0.0,,0.0013236416038125754,1.0,easy,2
0,-1.0,1,1,0.0,,0.0012221669312566519,1.0,easy,2
1,0.96,5,0,0.0,0.0,0.001209866488352418,1.0,easy,2
0,-1.02,3,1,0.0,,0.0012110693690677483,1.0,easy,2
0,-1.02,3,1,0.0,,0.0013642359990626574,1.0,easy,2
0,-1.04,5,1,0.0,,0.0012261331547051668,2.0,easy,2
0,-1.03,4,1,0.0,,0.0012127812369726598,2.0,easy,2
0,-1.03,4,1,0.0,,0.001352406048681587,2.0,easy,2
0,-1.0,1,1,0.0,,0.0013577081263065338,2.0,easy,2
0,-1.0,1,1,0.0,,0.0013611658941954374,2.0,easy,2
0,-1.04,5,1,0.0,,0.0012340747751295566,2.0,easy,2
0,-1.0,1,1,0.0,,0.001209957990795374,2.0,easy,2
1,0.96,5,0,0.0,0.0,0.001273766439408064,2.0,easy,2
0,-1.02,3,1,0.0,,0.0012022779944042365,2.0,easy,2
0,-1.02,3,1,0.0,,0.0011993332300335169,2.0,easy,2
0,-1.04,5,1,0.0,,0.0012702584732323884,5.0,easy,2
0,-1.03,4,1,0.0,,0.0012111144606024027,5.0,easy,2
0,-1.03,4,1,0.0,,0.0011928127496503294,5.0,easy,2
0,-1.0,1,1,0.0,,0.001214624848216772,5.0,easy,2
0,-1.0,1,1,0.0,,0.001223208149895072,5.0,easy,2
0,-1.04,5,1,0.0,,0.0013399169780313968,5.0,easy,2
0,-1.0,1,1,0.0,,0.001215459080412984,5.0,easy,2
1,0.96,5,0,0.0,0.0,0.0012107752729207278,5.0,easy,2
0,-1.02,3,1,0.0,,0.0012055833358317614,5.0,easy,2
0,-1.02,3,1,0.0,,0.0013738609850406647,5.0,easy,2
0,-1.0,1,1,0.0,,0.0013711669016629457,0.0,obstacle,2
0,-1.0,1,1,0.0,,0.0013770419172942638,0.0,obstacle,2
0,-1.0,1,1,0.0,,0.0012530419044196606,0.0,obstacle,2
0,-1.0,1,1,0.0,,0.0011907080188393593,0.0,obstacle,2
0,-1.0,1,1,0.0,,0.0015210420824587345,0.0,obstacle,2
0,-1.0,1,1,0.0,,0.0013596669305115938,0.0,obstacle,2
0,-1.0,1,1,0.0,,0.0013688751496374607,0.0,obstacle,2
0,-1.0,1,1,0.0,,0.0013690409250557423,0.0,obstacle,2
0,-1.0,1,1,0.0,,0.0012547920923680067,0.0,obstacle,2
0,-1.0,1,1,0.0,,0.0012739577796310186,0.0,obstacle,2
0,-1.01,2,1,0.0,,0.0012045209296047688,0.1,obstacle,2
0,-1.02,3,1,0.0,,0.0012089860004683335,0.1,obstacle,2
0,-1.02,3,1,0.0,,0.0013735416966180007,0.1,obstacle,2
0,-1.0,1,1,0.0,,0.0012588340323418379,0.1,obstacle,2
0,-1.01,2,1,0.0,,0.0011950209736824036,0.1,obstacle,2
0,-1.02,3,1,0.0,,0.0011972219217568636,0.1,obstacle,2
0,-1.0,1,1,0.0,,0.001193332951515913,0.1,obstacle,2
0,-1.02,3,1,0.0,,0.0011884444393217564,0.1,obstacle,2
0,-1.02,3,1,0.0,,0.0012770837638527155,0.1,obstacle,2
0,-1.04,5,1,0.0,,0.0012004083953797817,0.1,obstacle,2
0,-1.01,2,1,0.0,,0.0011966039892286062,0.5,obstacle,2
0,-1.02,3,1,0.0,,0.0012017223052680492,0.5,obstacle,2
0,-1.02,3,1,0.0,,0.0012701666758706172,0.5,obstacle,2
0,-1.0,1,1,0.0,,0.001208416186273098,0.5,obstacle,2
0,-1.01,2,1,0.0,,0.00120193709153682,0.5,obstacle,2
0,-1.02,3,1,0.0,,0.0011916666602094967,0.5,obstacle,2
0,-1.0,1,1,0.0,,0.0012085000053048134,0.5,obstacle,2
0,-1.02,3,1,0.0,,0.0011950139111528795,0.5,obstacle,2
0,-1.02,3,1,0.0,,0.001348375032345454,0.5,obstacle,2
0,-1.04,5,1,0.0,,0.0012309580575674771,0.5,obstacle,2
0,-1.01,2,1,0.0,,0.0012061875313520432,1.0,obstacle,2
0,-1.02,3,1,0.0,,0.0012711803428828716,1.0,obstacle,2
0,-1.02,3,1,0.0,,0.0013206528189281623,1.0,obstacle,2
0,-1.0,1,1,0.0,,0.0012538752052932978,1.0,obstacle,2
0,-1.01,2,1,0.0,,0.0012091044336557388,1.0,obstacle,2
0,-1.02,3,1,0.0,,0.001212028010437886,1.0,obstacle,2
0,-1.0,1,1,0.0,,0.0012152919080108404,1.0,obstacle,2
0,-1.02,3,1,0.0,,0.001305402722209692,1.0,obstacle,2
0,-1.02,3,1,0.0,,0.001363583297158281,1.0,obstacle,2
0,-1.04,5,1,0.0,,0.0012052834033966064,1.0,obstacle,2
0,-1.01,2,1,0.0,,0.0012035835534334183,2.0,obstacle,2
0,-1.02,3,1,0.0,,0.001343903054172794,2.0,obstacle,2
0,-1.02,3,1,0.0,,0.0012808753332744043,2.0,obstacle,2
0,-1.0,1,1,0.0,,0.0012032499071210623,2.0,obstacle,2
0,-1.01,2,1,0.0,,0.001196395605802536,2.0,obstacle,2
0,-1.02,3,1,0.0,,0.0011937360589702923,2.0,obstacle,2
0,-1.0,1,1,0.0,,0.0012034589890390635,2.0,obstacle,2
0,-1.02,3,1,0.0,,0.0013640832621604204,2.0,obstacle,2
0,-1.02,3,1,0.0,,0.0012247087433934212,2.0,obstacle,2
0,-1.04,5,1,0.0,,0.0011960918083786965,2.0,obstacle,2
0,-1.01,2,1,0.0,,0.0012867290060967207,5.0,obstacle,2
0,-1.02,3,1,0.0,,0.0012393056725462277,5.0,obstacle,2
0,-1.02,3,1,0.0,,0.0012049170521398385,5.0,obstacle,2
0,-1.0,1,1,0.0,,0.00120050017721951,5.0,obstacle,2
0,-1.01,2,1,0.0,,0.0012007295154035091,5.0,obstacle,2
0,-1.02,3,1,0.0,,0.0012040416865299146,5.0,obstacle,2
0,-1.0,1,1,0.0,,0.001443458953872323,5.0,obstacle,2
0,-1.02,3,1,0.0,,0.0013689583477874596,5.0,obstacle,2
0,-1.02,3,1,0.0,,0.0012515413109213114,5.0,obstacle,2
0,-1.04,5,1,0.0,,0.0011757999192923308,5.0,obstacle,2
0,-1.0,1,1,0.0,,0.001405874965712428,0.0,deceptive,2
0,-1.0,1,1,0.0,,0.001349500147625804,0.0,deceptive,2
0,-1.0,1,1,0.0,,0.001247915904968977,0.0,deceptive,2
0,-1.0,1,1,0.0,,0.0012108748778700829,0.0,deceptive,2
0,-1.0,1,1,0.0,,0.001217417186126113,0.0,deceptive,2
0,-1.0,1,1,0.0,,0.0012257089838385582,0.0,deceptive,2
0,-1.0,1,1,0.0,,0.0012179168406873941,0.0,deceptive,2
0,-1.0,1,1,0.0,,0.0012209168635308743,0.0,deceptive,2
0,-1.0,1,1,0.0,,0.0013502498622983694,0.0,deceptive,2
0,-1.0,1,1,0.0,,0.0013984169345349073,0.0,deceptive,2
0,-1.02,3,1,0.0,,0.0013545836166789134,0.1,deceptive,2
0,-1.03,4,1,0.0,,0.0012150522670708597,0.1,deceptive,2
0,-1.03,4,1,0.0,,0.0012341144611127675,0.1,deceptive,2
0,-1.0,1,1,0.0,,0.0012063749600201845,0.1,deceptive,2
0,-1.02,3,1,0.0,,0.001205597383280595,0.1,deceptive,2
0,-1.0,1,1,0.0,,0.0012054580729454756,0.1,deceptive,2
0,-1.0,1,1,0.0,,0.0012037921696901321,0.1,deceptive,2
0,-1.03,4,1,0.0,,0.0011936355149373412,0.1,deceptive,2
0,-1.05,6,1,0.0,,0.0012662155010427039,0.1,deceptive,2
0,-1.02,3,1,0.0,,0.0011981806407372158,0.1,deceptive,2
0,-1.02,3,1,0.0,,0.0012089030351489782,0.5,deceptive,2
0,-1.03,4,1,0.0,,0.0012190002016723156,0.5,deceptive,2
0,-1.03,4,1,0.0,,0.0012998956954106688,0.5,deceptive,2
0,-1.0,1,1,0.0,,0.0012494998518377542,0.5,deceptive,2
0,-1.02,3,1,0.0,,0.0011859719331065814,0.5,deceptive,2
0,-1.0,1,1,0.0,,0.0012097079306840897,0.5,deceptive,2
0,-1.0,1,1,0.0,,0.001186000183224678,0.5,deceptive,2
0,-1.03,4,1,0.0,,0.0011857186909765005,0.5,deceptive,2
0,-1.05,6,1,0.0,,0.001178048551082611,0.5,deceptive,2
0,-1.02,3,1,0.0,,0.0011884999306251605,0.5,deceptive,2
0,-1.02,3,1,0.0,,0.0011946245407064755,1.0,deceptive,2
0,-1.03,4,1,0.0,,0.0011836562771350145,1.0,deceptive,2
0,-1.03,4,1,0.0,,0.0011791042052209377,1.0,deceptive,2
0,-1.0,1,1,0.0,,0.0011892919428646564,1.0,deceptive,2
0,-1.02,3,1,0.0,,0.0011810417442272108,1.0,deceptive,2
0,-1.0,1,1,0.0,,0.0012844169978052378,1.0,deceptive,2
0,-1.0,1,1,0.0,,0.0013431250117719173,1.0,deceptive,2
0,-1.03,4,1,0.0,,0.0012791670160368085,1.0,deceptive,2
0,-1.05,6,1,0.0,,0.0011944027695183952,1.0,deceptive,2
0,-1.02,3,1,0.0,,0.001277264052381118,1.0,deceptive,2
0,-1.02,3,1,0.0,,0.0013490829927225907,2.0,deceptive,2
0,-1.03,4,1,0.0,,0.001217812648974359,2.0,deceptive,2
0,-1.03,4,1,0.0,,0.001253437774721533,2.0,deceptive,2
0,-1.0,1,1,0.0,,0.001364666037261486,2.0,deceptive,2
0,-1.02,3,1,0.0,,0.001260305754840374,2.0,deceptive,2
0,-1.0,1,1,0.0,,0.0012283329851925373,2.0,deceptive,2
0,-1.0,1,1,0.0,,0.001210374990478158,2.0,deceptive,2
0,-1.03,4,1,0.0,,0.0012160312617197633,2.0,deceptive,2
0,-1.05,6,1,0.0,,0.0012971250107511878,2.0,deceptive,2
0,-1.02,3,1,0.0,,0.0012163193120310705,2.0,deceptive,2
0,-1.02,3,1,0.0,,0.0012184861116111279,5.0,deceptive,2
0,-1.03,4,1,0.0,,0.0012490522349253297,5.0,deceptive,2
0,-1.03,4,1,0.0,,0.001203468767926097,5.0,deceptive,2
0,-1.0,1,1,0.0,,0.0012312079779803753,5.0,deceptive,2
0,-1.02,3,1,0.0,,0.00120449997484684,5.0,deceptive,2
0,-1.0,1,1,0.0,,0.0012383752036839724,5.0,deceptive,2
0,-1.0,1,1,0.0,,0.0012099167797714472,5.0,deceptive,2
0,-1.03,4,1,0.0,,0.0012597606983035803,5.0,deceptive,2
0,-1.05,6,1,0.0,,0.00119443047636499,5.0,deceptive,2
0,-1.02,3,1,0.0,,0.0012141389306634665,5.0,deceptive,2
0,-1.0,1,1,0.0,,0.0013586659915745258,0.0,random_small,2
0,-1.0,1,1,0.0,,0.0012284170370548964,0.0,random_small,2
0,-1.0,1,1,0.0,,0.0012275418266654015,0.0,random_small,2
0,-1.0,1,1,0.0,,0.0012114581186324358,0.0,random_small,2
0,-1.0,1,1,0.0,,0.0012102080509066582,0.0,random_small,2
0,-1.01,2,1,0.0,,0.0012245624093338847,0.0,random_small,2
0,-1.0,1,1,0.0,,0.001215500058606267,0.0,random_small,2
0,-1.0,1,1,0.0,,0.0012130830436944962,0.0,random_small,2
0,-1.0,1,1,0.0,,0.0013139578513801098,0.0,random_small,2
0,-1.0,1,1,0.0,,0.001356584019958973,0.0,random_small,2
0,-1.18,19,1,0.0,,0.0012690679194699776,0.1,random_small,2
0,-1.0,1,1,0.0,,0.0012651670258492231,0.1,random_small,2
0,-1.0,1,1,0.0,,0.0012007919140160084,0.1,random_small,2
0,-1.0,1,1,0.0,,0.001198542071506381,0.1,random_small,2
0,-1.0,1,1,0.0,,0.0012459580320864916,0.1,random_small,2
1,0.87,14,0,0.0,6.0,0.0012084137082898191,0.1,random_small,2
0,-1.0,1,1,0.0,,0.0013522917870432138,0.1,random_small,2
1,0.83,18,0,0.0,10.0,0.00120966880220092,0.1,random_small,2
1,0.9299999999999999,8,0,0.0,0.0,0.0011910002212971449,0.1,random_small,2
1,0.9299999999999999,8,0,0.0,0.0,0.0012591458507813513,0.1,random_small,2
0,-1.18,19,1,0.0,,0.0012578574670968872,0.5,random_small,2
0,-1.0,1,1,0.0,,0.0012047910131514072,0.5,random_small,2
0,-1.0,1,1,0.0,,0.0011994577944278717,0.5,random_small,2
0,-1.0,1,1,0.0,,0.0011945830192416906,0.5,random_small,2
0,-1.0,1,1,0.0,,0.0011967078316956758,0.5,random_small,2
1,0.8099999999999999,20,0,0.0,12.0,0.0012515811249613762,0.5,random_small,2
0,-1.0,1,1,0.0,,0.0012427920009940863,0.5,random_small,2
1,0.83,18,0,0.0,10.0,0.0012381086384670602,0.5,random_small,2
1,0.9299999999999999,8,0,0.0,0.0,0.0012114268611185253,0.5,random_small,2
1,0.9299999999999999,8,0,0.0,0.0,0.001310869847657159,0.5,random_small,2
0,-1.1099999999999999,12,1,0.0,,0.0012905101369445522,1.0,random_small,2
0,-1.0,1,1,0.0,,0.0012010419741272926,1.0,random_small,2
0,-1.0,1,1,0.0,,0.0011953748762607574,1.0,random_small,2
0,-1.0,1,1,0.0,,0.001219291938468814,1.0,random_small,2
0,-1.0,1,1,0.0,,0.0012101249303668737,1.0,random_small,2
1,0.87,14,0,0.0,6.0,0.0012357205019465514,1.0,random_small,2
0,-1.0,1,1,0.0,,0.0013204170390963554,1.0,random_small,2
1,0.83,18,0,0.0,10.0,0.0012414028169587255,1.0,random_small,2
1,0.9299999999999999,8,0,0.0,0.0,0.0012135053402744234,1.0,random_small,2
0,-1.06,7,1,0.0,,0.0013127025283340896,1.0,random_small,2
0,-1.1099999999999999,12,1,0.0,,0.0012623612225676577,2.0,random_small,2
0,-1.0,1,1,0.0,,0.0012302498798817396,2.0,random_small,2
0,-1.0,1,1,0.0,,0.0012229580897837877,2.0,random_small,2
0,-1.0,1,1,0.0,,0.0012362920679152012,2.0,random_small,2
0,-1.0,1,1,0.0,,0.0012119999155402184,2.0,random_small,2
1,0.87,14,0,0.0,6.0,0.0012664137674229486,2.0,random_small,2
0,-1.0,1,1,0.0,,0.0012437908444553614,2.0,random_small,2
1,0.83,18,0,0.0,10.0,0.0012555461920176942,2.0,random_small,2
1,0.9299999999999999,8,0,0.0,0.0,0.0012994947901461273,2.0,random_small,2
0,-1.06,7,1,0.0,,0.0012772501379783665,2.0,random_small,2
0,-1.1099999999999999,12,1,0.0,,0.0012850173322173457,5.0,random_small,2
0,-1.0,1,1,0.0,,0.0012517089489847422,5.0,random_small,2
0,-1.0,1,1,0.0,,0.0012709579896181822,5.0,random_small,2
0,-1.0,1,1,0.0,,0.0012173331342637539,5.0,random_small,2
0,-1.0,1,1,0.0,,0.001223333878442645,5.0,random_small,2
1,0.87,14,0,0.0,6.0,0.0012953035101028426,5.0,random_small,2
0,-1.0,1,1,0.0,,0.0013199998065829277,5.0,random_small,2
1,0.83,18,0,0.0,10.0,0.001293747504759166,5.0,random_small,2
1,0.9299999999999999,8,0,0.0,0.0,0.0012692343152593821,5.0,random_small,2
0,-1.06,7,1,0.0,,0.0013324817576046502,5.0,random_small,2
